"","Year","index_n","index_b","index_n_std","index_b_std","SpeciesName","SurveyName","Region"
"1",2000,0.116883116883117,23.3766233766234,0.0324569087875502,0.032039726960237,"Loligo vulgaris","IBTS Q1","North Sea"
"2",2001,0.130415561450044,26.1743540622851,0.0362146911832794,0.0358742639604146,"Loligo vulgaris","IBTS Q1","North Sea"
"3",2002,0.490311796452606,93.146798609445,0.136153156069889,0.127665914216302,"Loligo vulgaris","IBTS Q1","North Sea"
"4",2003,0.347118830989799,45.3294044665012,0.0963903473513917,0.0621279523127874,"Loligo vulgaris","IBTS Q1","North Sea"
"5",2004,0.838089330024814,120.860008271299,0.232726416490383,0.165649315687599,"Loligo vulgaris","IBTS Q1","North Sea"
"6",2005,0.295116772823779,12.5,0.081950057738417,0.0171323539995712,"Loligo vulgaris","IBTS Q1","North Sea"
"7",2006,0.0172043010752688,4.94193548387097,0.00477740879644705,0.00677335905221756,"Loligo vulgaris","IBTS Q1","North Sea"
"8",2007,0.19620253164557,55.1060126582278,0.0544828700955572,0.0755276573092488,"Loligo vulgaris","IBTS Q1","North Sea"
"9",2008,20.4224791553768,129.783391802858,5.67105464705019,0.177879600930528,"Loligo vulgaris","IBTS Q1","North Sea"
"10",2009,0.537008565780804,81.0547990336042,0.149120236544602,0.111092760832625,"Loligo vulgaris","IBTS Q1","North Sea"
"11",2010,1.39486565760898,262.474672254886,0.387335901259153,0.359744720079371,"Loligo vulgaris","IBTS Q1","North Sea"
"12",2011,1.19126344086022,73.5831989247312,0.330798235647736,0.100852272991949,"Loligo vulgaris","IBTS Q1","North Sea"
"13",2012,0.395884423535692,73.7786563902374,0.109931912903718,0.101120164711222,"Loligo vulgaris","IBTS Q1","North Sea"
"14",2013,0.531289654711815,84.5960061443932,0.147532169936865,0.115946297937251,"Loligo vulgaris","IBTS Q1","North Sea"
"15",2014,1.14240008115236,153.840501792115,0.317229521436624,0.210851994893934,"Loligo vulgaris","IBTS Q1","North Sea"
"16",2015,4.77706637846096,1335.42269185862,1.32652868825212,1.83031474367858,"Loligo vulgaris","IBTS Q1","North Sea"
"17",2016,7.27761738642287,1534.08937808252,2.0208989116711,2.10260498338334,"Loligo vulgaris","IBTS Q1","North Sea"
"18",2017,3.24995112414467,846.200325839035,0.902468808269745,1.15979228294615,"Loligo vulgaris","IBTS Q1","North Sea"
"19",2018,5.29082793405609,1448.48711604624,1.46919353492263,1.98527952287377,"Loligo vulgaris","IBTS Q1","North Sea"
"20",2019,2.31863198750893,553.298641216742,0.643853697071829,0.758344655104555,"Loligo vulgaris","IBTS Q1","North Sea"
"21",2020,9.37618243017933,2051.86713103081,2.60364290435618,2.81226512391234,"Loligo vulgaris","IBTS Q1","North Sea"
"22",2021,4.4386528745254,1046.34479356632,1.23255569606458,1.43410795271892,"Loligo vulgaris","IBTS Q1","North Sea"
"23",2022,1.57652460560396,436.264892865552,0.437780208895227,0.597939566572611,"Loligo vulgaris","IBTS Q1","North Sea"
"24",2023,12.0429504616084,3712.56242764486,3.34416941547074,5.08839470047353,"Loligo vulgaris","IBTS Q1","North Sea"
"25",2024,5.76972843001764,1848.26771609308,1.6021779224906,2.53321414384684,"Loligo vulgaris","IBTS Q1","North Sea"
"26",2025,9.34785576695748,2483.85097132355,2.59577696144702,3.4043371298315,"Loligo vulgaris","IBTS Q1","North Sea"
"27",2026,3.71929255854338,1162.36714962118,1.03279876979644,1.59312683878261,"Loligo vulgaris","IBTS Q1","North Sea"
"28",2004,0.0690316395014382,19.1994247363375,0.216355847329373,1.12628466498245,"Loligo vulgaris","IBTS Q3","North Sea"
"29",2005,0,0,0,0,"Loligo vulgaris","IBTS Q3","North Sea"
"30",2006,0,0,0,0,"Loligo vulgaris","IBTS Q3","North Sea"
"31",2007,0,0,0,0,"Loligo vulgaris","IBTS Q3","North Sea"
"32",2008,0.292222222222222,4.61555555555556,0.915869693288162,0.27075964587408,"Loligo vulgaris","IBTS Q3","North Sea"
"33",2009,0,0,0,0,"Loligo vulgaris","IBTS Q3","North Sea"
"34",2010,0.0333333333333333,15.4333333333333,0.10447182813173,0.905356639670432,"Loligo vulgaris","IBTS Q3","North Sea"
"35",2011,0.784313725490196,19.7254901960784,2.45816066192305,1.15714493648641,"Loligo vulgaris","IBTS Q3","North Sea"
"36",2012,0.0807830162668872,10.1578439481665,0.253186481741909,0.595883680121513,"Loligo vulgaris","IBTS Q3","North Sea"
"37",2013,0.0137085137085137,2.33766233766234,0.0429646046429191,0.137132923458538,"Loligo vulgaris","IBTS Q3","North Sea"
"38",2014,0.1036866359447,14.0465018852116,0.324969972299159,0.824001754595218,"Loligo vulgaris","IBTS Q3","North Sea"
"39",2015,0.31523070641078,73.9938069960528,0.987981845459721,4.34065558045587,"Loligo vulgaris","IBTS Q3","North Sea"
"40",2016,0.00616396137250873,0.862954592151222,0.0193188093935806,0.0506230023588466,"Loligo vulgaris","IBTS Q3","North Sea"
"41",2017,2.72415219189413,32.1964433416046,8.53791478788713,1.88872119350505,"Loligo vulgaris","IBTS Q3","North Sea"
"42",2018,0.00636942675159236,1.31847133757962,0.0199627697066999,0.0773447157468377,"Loligo vulgaris","IBTS Q3","North Sea"
"43",2019,0.140127388535032,22.9936305732484,0.439180933547398,1.34886195094727,"Loligo vulgaris","IBTS Q3","North Sea"
"44",2020,0.00759493670886076,1.93670886075949,0.0238037076755839,0.113612023295713,"Loligo vulgaris","IBTS Q3","North Sea"
"45",2021,0.0128205128205128,0.0512820512820513,0.0401814723583575,0.00300832909011607,"Loligo vulgaris","IBTS Q3","North Sea"
"46",2022,0.418763102725367,6.51519916142558,1.31246840687503,0.38219733172172,"Loligo vulgaris","IBTS Q3","North Sea"
"47",2023,0.0890944498539435,3.61295034079844,0.279235801578966,0.21194440042169,"Loligo vulgaris","IBTS Q3","North Sea"
"48",2024,2.98443037974684,166.809018987342,9.35366693112071,9.78542027411022,"Loligo vulgaris","IBTS Q3","North Sea"
"49",2025,0.213871196036801,47.4076433121019,0.670305445040524,2.78104695315804,"Loligo vulgaris","IBTS Q3","North Sea"
"50",2000,1.84205500381971,0,0.0509914835890782,0,"Loligo forbesii","IBTS Q1","North Sea"
"51",2001,4.97298042459333,82.3668320926385,0.137661280028898,0.0436023220598252,"Loligo forbesii","IBTS Q1","North Sea"
"52",2002,0.989418425933565,2.77450980392157,0.027388928845287,0.00146873525368402,"Loligo forbesii","IBTS Q1","North Sea"
"53",2003,3.88161822728007,66.3848126598405,0.107450359367657,0.0351419607618273,"Loligo forbesii","IBTS Q1","North Sea"
"54",2004,23.6829335539013,96.5077888061759,0.655587327821826,0.0510880846318788,"Loligo forbesii","IBTS Q1","North Sea"
"55",2005,39.280501335525,721.289637696048,1.08735680262956,0.381827275399712,"Loligo forbesii","IBTS Q1","North Sea"
"56",2006,42.1703774803545,1160.59504250901,1.16735391004925,0.61438126899914,"Loligo forbesii","IBTS Q1","North Sea"
"57",2007,26.7124344006903,1096.49249928425,0.73944950478821,0.580447467449066,"Loligo forbesii","IBTS Q1","North Sea"
"58",2008,17.9632426697732,1022.14860921474,0.497255723582085,0.541092229962873,"Loligo forbesii","IBTS Q1","North Sea"
"59",2009,33.7374008822774,610.263152199607,0.933913547564823,0.32305346493749,"Loligo forbesii","IBTS Q1","North Sea"
"60",2010,86.762541453363,1178.28648399015,2.40174734168735,0.623746542733299,"Loligo forbesii","IBTS Q1","North Sea"
"61",2011,36.1355898267144,1799.76515365535,1.00029984544963,0.952737137850235,"Loligo forbesii","IBTS Q1","North Sea"
"62",2012,22.1025807850792,218.401431359792,0.611840245292126,0.115614614603195,"Loligo forbesii","IBTS Q1","North Sea"
"63",2013,10.6001791794876,752.469498887559,0.293432531358349,0.398332879839177,"Loligo forbesii","IBTS Q1","North Sea"
"64",2014,6.80865595485194,594.890475422551,0.188476168011046,0.314915669823543,"Loligo forbesii","IBTS Q1","North Sea"
"65",2015,30.0177125279986,2744.31027110218,0.830945706061511,1.45274860320114,"Loligo forbesii","IBTS Q1","North Sea"
"66",2016,11.9485571222184,1178.48018719779,0.330758122394481,0.623849082911536,"Loligo forbesii","IBTS Q1","North Sea"
"67",2017,34.6346838100502,2706.30827613229,0.95875199570639,1.43263158301843,"Loligo forbesii","IBTS Q1","North Sea"
"68",2018,51.8353441281237,5991.08569289581,1.43489803179739,3.17148591529964,"Loligo forbesii","IBTS Q1","North Sea"
"69",2019,42.9872355342785,1577.49416979211,1.18996604919,0.835074108002746,"Loligo forbesii","IBTS Q1","North Sea"
"70",2020,58.5268546819993,3228.69185709698,1.62013139881768,1.70916446108724,"Loligo forbesii","IBTS Q1","North Sea"
"71",2021,135.432617083089,5916.09071164684,3.74902489724687,3.13178601131875,"Loligo forbesii","IBTS Q1","North Sea"
"72",2022,16.083288553872,1336.07690579146,0.44521512259546,0.707275660152777,"Loligo forbesii","IBTS Q1","North Sea"
"73",2023,23.4597829749363,2524.24021332085,0.649410107781387,1.3362506720398,"Loligo forbesii","IBTS Q1","North Sea"
"74",2024,53.7152524648163,4116.95832838364,1.486937365531,2.17938384153427,"Loligo forbesii","IBTS Q1","North Sea"
"75",2025,137.34828455711,5236.40452502596,3.8020541099257,2.77198224983226,"Loligo forbesii","IBTS Q1","North Sea"
"76",2026,21.7363424830533,5045.48971252886,0.601702092886948,2.67091815729647,"Loligo forbesii","IBTS Q1","North Sea"
"77",2000,7.60587554972781,0,0.0728878630845766,0,"Loligo forbesii","IBTS Q3","North Sea"
"78",2001,5.11711711711712,0,0.049037843096647,0,"Loligo forbesii","IBTS Q3","North Sea"
"79",2002,13.0559284116331,0,0.125116262590334,0,"Loligo forbesii","IBTS Q3","North Sea"
"80",2003,4.54749314531923,0,0.0435790798294012,0,"Loligo forbesii","IBTS Q3","North Sea"
"81",2004,36.4525462680496,269.948545861298,0.349328382261642,0.116019448845088,"Loligo forbesii","IBTS Q3","North Sea"
"82",2005,84.8044666666667,144.053777777778,0.812689652223109,0.0619119463989182,"Loligo forbesii","IBTS Q3","North Sea"
"83",2006,25.2367866286299,675.031746031746,0.241846640331642,0.290117551393593,"Loligo forbesii","IBTS Q3","North Sea"
"84",2007,49.1750896223246,597.348251723889,0.471249782635748,0.256730462142188,"Loligo forbesii","IBTS Q3","North Sea"
"85",2008,41.3269722385142,713.85835192863,0.39604049192321,0.306804588555839,"Loligo forbesii","IBTS Q3","North Sea"
"86",2009,347.355420551936,1174.23990147783,3.3287415984319,0.504669012928736,"Loligo forbesii","IBTS Q3","North Sea"
"87",2010,93.7254482017056,704.017745643307,0.89818030697478,0.302575257688796,"Loligo forbesii","IBTS Q3","North Sea"
"88",2011,25.994507145819,611.11377444316,0.249107951531406,0.262646657592913,"Loligo forbesii","IBTS Q3","North Sea"
"89",2012,59.0154067467732,614.070099255583,0.565550521924244,0.263917237414893,"Loligo forbesii","IBTS Q3","North Sea"
"90",2013,12.6767309289288,352.251748195625,0.121482375338214,0.151392012688869,"Loligo forbesii","IBTS Q3","North Sea"
"91",2014,111.434579679957,1417.15027076134,1.06788867810107,0.609067897809225,"Loligo forbesii","IBTS Q3","North Sea"
"92",2015,37.4458227848101,1427.91832429174,0.358847050071209,0.613695830261115,"Loligo forbesii","IBTS Q3","North Sea"
"93",2016,124.606451628835,2148.19716343536,1.19411603915903,0.923259838711671,"Loligo forbesii","IBTS Q3","North Sea"
"94",2017,247.062689684813,4007.6815890834,2.36762636744672,1.72243568724748,"Loligo forbesii","IBTS Q3","North Sea"
"95",2018,45.9866911183075,624.894827393544,0.440695042145919,0.268569527681756,"Loligo forbesii","IBTS Q3","North Sea"
"96",2019,439.925522777566,18119.4040211528,4.21585010982326,7.78742208530273,"Loligo forbesii","IBTS Q3","North Sea"
"97",2020,68.8190409340402,1644.54797546763,0.659499724971402,0.706799694379884,"Loligo forbesii","IBTS Q3","North Sea"
"98",2021,95.8843724535285,4531.06274419489,0.91886949315039,1.94737630679481,"Loligo forbesii","IBTS Q3","North Sea"
"99",2022,305.75923714927,8084.00577067051,2.93012122910401,3.47437283272349,"Loligo forbesii","IBTS Q3","North Sea"
"100",2023,83.521108989392,2936.99670382373,0.800391107754671,1.26227291853074,"Loligo forbesii","IBTS Q3","North Sea"
"101",2024,199.007618814302,3941.57005819108,1.90710983608502,1.69402203770564,"Loligo forbesii","IBTS Q3","North Sea"
"102",2025,147.566719140789,5756.20232908767,1.41414657001046,2.47392116720163,"Loligo forbesii","IBTS Q3","North Sea"
"103",2004,0.788461538461538,251.282051282051,0.0449128599783539,0.372905050916572,"Loligo spp.","IBTS Q1","North Sea"
"104",2005,11.0033613229553,826.125795422957,0.626780638347186,1.22597885616551,"Loligo spp.","IBTS Q1","North Sea"
"105",2006,4.97591764146543,616.42255507912,0.283441463398483,0.914777172166144,"Loligo spp.","IBTS Q1","North Sea"
"106",2007,6.66483607516117,670.70934105987,0.379646735852795,0.995339299811011,"Loligo spp.","IBTS Q1","North Sea"
"107",2008,4.2239239492323,799.946598645662,0.240605908642353,1.18712866906546,"Loligo spp.","IBTS Q1","North Sea"
"108",2009,8.45761435738257,235.64526524602,0.481768140682196,0.349699905689575,"Loligo spp.","IBTS Q1","North Sea"
"109",2010,8.88631964809384,18.604288856305,0.506188330830297,0.0276089487801892,"Loligo spp.","IBTS Q1","North Sea"
"110",2011,4.74320162904219,49.5446328633998,0.270185342242492,0.0735247254879786,"Loligo spp.","IBTS Q1","North Sea"
"111",2012,18.5425792351556,344.073291706935,1.05623448221844,0.510608170016049,"Loligo spp.","IBTS Q1","North Sea"
"112",2013,9.76110419209122,1662.90315067121,0.556018378104948,2.46776473252496,"Loligo spp.","IBTS Q1","North Sea"
"113",2014,0.25275010410994,7.10709976401747,0.0143973161424638,0.0105470063852483,"Loligo spp.","IBTS Q1","North Sea"
"114",2015,31.3832313669376,255.460543361047,1.78767207694343,0.379105974514269,"Loligo spp.","IBTS Q1","North Sea"
"115",2016,16.5993394873686,1423.62654636114,0.94554239333478,2.11267588372678,"Loligo spp.","IBTS Q1","North Sea"
"116",2017,126.600015673981,6817.00886102403,7.21147259550226,10.1165086143201,"Loligo spp.","IBTS Q1","North Sea"
"117",2018,50.6182707922055,1740.92337477785,2.88335092777341,2.58354751722674,"Loligo spp.","IBTS Q1","North Sea"
"118",2019,80.8568009112396,1091.90907115424,4.60581778625501,1.62040386767618,"Loligo spp.","IBTS Q1","North Sea"
"119",2020,17.3191446890681,757.780286012729,0.986544406316543,1.12455344381907,"Loligo spp.","IBTS Q1","North Sea"
"120",2021,3.50385542168675,29.5602409638554,0.199588895922144,0.0438676901334259,"Loligo spp.","IBTS Q1","North Sea"
"121",2022,9.6956204379562,52.970802919708,0.552288249827465,0.0786091957586482,"Loligo spp.","IBTS Q1","North Sea"
"122",2023,21.9626326547157,130.31425239453,1.25104979388337,0.193387640209097,"Loligo spp.","IBTS Q1","North Sea"
"123",2024,8.346,37.6545454545455,0.475410290920141,0.0558797181029325,"Loligo spp.","IBTS Q1","North Sea"
"124",2025,10.9662954950534,190.423275154319,0.624669270503185,0.282590024853852,"Loligo spp.","IBTS Q1","North Sea"
"125",2026,17.8435112552451,183.952878813809,1.01641371637825,0.272987892650228,"Loligo spp.","IBTS Q1","North Sea"
"126",2004,20.7760690920738,253.865934273763,0.9956624943336,1.27367116308837,"Loligo spp.","IBTS Q3","North Sea"
"127",2005,5.69384444444444,27.8511111111111,0.272869104197669,0.13973185171012,"Loligo spp.","IBTS Q3","North Sea"
"128",2006,12.0669508729877,78.9206292939012,0.578290837980685,0.395952808682209,"Loligo spp.","IBTS Q3","North Sea"
"129",2007,27.4067379600266,420.810888216929,1.31342752846533,2.11125094419925,"Loligo spp.","IBTS Q3","North Sea"
"130",2008,14.3122222222222,103.877222222222,0.685892158621625,0.521162568836402,"Loligo spp.","IBTS Q3","North Sea"
"131",2009,24.8051666666667,91.9158333333333,1.18875105806787,0.461151066537576,"Loligo spp.","IBTS Q3","North Sea"
"132",2010,4.01160676328502,17.15961352657,0.192250342377891,0.0860915229964049,"Loligo spp.","IBTS Q3","North Sea"
"133",2011,13.8725496428142,33.2276196272694,0.664821498182278,0.166706340724252,"Loligo spp.","IBTS Q3","North Sea"
"134",2012,7.64310936653261,39.2882904081458,0.366284753031053,0.197113341272227,"Loligo spp.","IBTS Q3","North Sea"
"135",2013,4.8632841756381,21.5015669732348,0.233065727280252,0.107875544205511,"Loligo spp.","IBTS Q3","North Sea"
"136",2014,111.902878147487,594.406631971527,5.36278052819636,2.9821984129395,"Loligo spp.","IBTS Q3","North Sea"
"137",2015,13.9007777189141,138.032341666549,0.666174287130725,0.692522270296648,"Loligo spp.","IBTS Q3","North Sea"
"138",2016,22.4199835370611,161.962928891424,1.07444467153533,0.812584455683148,"Loligo spp.","IBTS Q3","North Sea"
"139",2017,100.193105500255,587.082313681869,4.80160693032504,2.9454515645626,"Loligo spp.","IBTS Q3","North Sea"
"140",2018,8.47929936305733,68.050500454959,0.406357926353057,0.341416268831668,"Loligo spp.","IBTS Q3","North Sea"
"141",2019,2.44129511677282,16.5944798301486,0.116995470827434,0.0832561898727204,"Loligo spp.","IBTS Q3","North Sea"
"142",2020,9.99615208218675,74.4204016362129,0.479050857589086,0.373374709689419,"Loligo spp.","IBTS Q3","North Sea"
"143",2021,18.2630320651939,126.954018042082,0.87522889818761,0.63694119607253,"Loligo spp.","IBTS Q3","North Sea"
"144",2022,1.0188679245283,14.0880503144654,0.0488277438160505,0.0706811785559335,"Loligo spp.","IBTS Q3","North Sea"
"145",2023,27.390253164557,44.2025316455696,1.31263751893546,0.221768588422546,"Loligo spp.","IBTS Q3","North Sea"
"146",2024,7.77613924050633,226.917721518987,0.37266001370017,1.13846924408842,"Loligo spp.","IBTS Q3","North Sea"
"147",2025,83.2977027339941,2041.14442194109,3.99191965086542,10.2406287687325,"Loligo spp.","IBTS Q3","North Sea"
"148",2005,0,0,0,0,"Loliginidae","IBTS Q1","North Sea"
"149",2006,0,0,0,0,"Loliginidae","IBTS Q1","North Sea"
"150",2007,0.00843881856540084,2.9620253164557,0.0012073734867418,0.119487748628479,"Loliginidae","IBTS Q1","North Sea"
"151",2008,0,0,0,0,"Loliginidae","IBTS Q1","North Sea"
"152",2009,0.0259169778168241,0.0786294750713815,0.0037080394168923,0.00317190366332206,"Loliginidae","IBTS Q1","North Sea"
"153",2010,0,0,0,0,"Loliginidae","IBTS Q1","North Sea"
"154",2011,0.0125,0.5,0.0017884219772363,0.0201699404736108,"Loliginidae","IBTS Q1","North Sea"
"155",2012,0,0,0,0,"Loliginidae","IBTS Q1","North Sea"
"156",2013,32.9378881987578,102.260869565217,4.71254745107284,4.12519130382023,"Loliginidae","IBTS Q1","North Sea"
"157",2014,9.08641509433962,17.0364779874214,1.30002755592069,0.687249493772541,"Loliginidae","IBTS Q1","North Sea"
"158",2015,4.77973270440252,14.1124213836478,0.683854321109483,0.569293398493377,"Loliginidae","IBTS Q1","North Sea"
"159",2016,25.3246012269939,87.7269938650307,3.62328587192809,3.53889648837298,"Loliginidae","IBTS Q1","North Sea"
"160",2017,106.066059757236,356.597969350911,15.175269784696,14.3851196296367,"Loliginidae","IBTS Q1","North Sea"
"161",2018,0,0,0,0,"Loliginidae","IBTS Q1","North Sea"
"162",2019,0,0,0,0,"Loliginidae","IBTS Q1","North Sea"
"163",2020,6.51480836236934,43.5859465737514,0.932098116219531,1.7582518957571,"Loliginidae","IBTS Q1","North Sea"
"164",2021,0.759036144578313,20.1867469879518,0.108598153798445,0.814330970205661,"Loliginidae","IBTS Q1","North Sea"
"165",2022,0,0,0,0,"Loliginidae","IBTS Q1","North Sea"
"166",2023,0.737096774193548,16.6548387096774,0.105459205625418,0.671854210743566,"Loliginidae","IBTS Q1","North Sea"
"167",2024,0,0,0,0,"Loliginidae","IBTS Q1","North Sea"
"168",2025,0,0,0,0,"Loliginidae","IBTS Q1","North Sea"
"169",2026,2.46135775862069,7.60991379310345,0.352155704748665,0.306983016432413,"Loliginidae","IBTS Q1","North Sea"
"170",2004,0.0268456375838926,0.604026845637584,0.00613728632523236,0.0283122597430953,"Loliginidae","IBTS Q3","North Sea"
"171",2005,0,0,0,0,"Loliginidae","IBTS Q3","North Sea"
"172",2006,0,0,0,0,"Loliginidae","IBTS Q3","North Sea"
"173",2007,0.584818329090488,9.38648461004397,0.133697608136743,0.439968177364063,"Loliginidae","IBTS Q3","North Sea"
"174",2008,0,0,0,0,"Loliginidae","IBTS Q3","North Sea"
"175",2009,0,0,0,0,"Loliginidae","IBTS Q3","North Sea"
"176",2010,0.571666666666667,0.4,0.130690955093188,0.0187490075632053,"Loliginidae","IBTS Q3","North Sea"
"177",2011,0,0,0,0,"Loliginidae","IBTS Q3","North Sea"
"178",2012,0,0,0,0,"Loliginidae","IBTS Q3","North Sea"
"179",2013,0.012987012987013,0.025974025974026,0.00296901189110267,0.00121746802358476,"Loliginidae","IBTS Q3","North Sea"
"180",2014,0,0,0,0,"Loliginidae","IBTS Q3","North Sea"
"181",2015,0.392405063291139,1.46835443037975,0.0897092580261021,0.0688254708016399,"Loliginidae","IBTS Q3","North Sea"
"182",2016,19.5304033970276,112.736730360934,4.46492199413313,5.28425452547049,"Loliginidae","IBTS Q3","North Sea"
"183",2017,0,0,0,0,"Loliginidae","IBTS Q3","North Sea"
"184",2018,0,0,0,0,"Loliginidae","IBTS Q3","North Sea"
"185",2019,10.0087898089172,191.248407643312,2.28814862878312,8.96429460338859,"Loliginidae","IBTS Q3","North Sea"
"186",2020,0.741455696202532,12.831223628692,0.169507089963836,0.601431772148813,"Loliginidae","IBTS Q3","North Sea"
"187",2021,16.7423915187377,131.86932938856,3.8275436818564,6.18104763515233,"Loliginidae","IBTS Q3","North Sea"
"188",2022,0.941916389197188,5.70773214946356,0.215335193916222,0.267535783097606,"Loliginidae","IBTS Q3","North Sea"
"189",2023,0,0,0,0,"Loliginidae","IBTS Q3","North Sea"
"190",2024,0,0,0,0,"Loliginidae","IBTS Q3","North Sea"
"191",2025,64.1751804670913,88.4177636234961,14.6713392918749,4.14436329724658,"Loliginidae","IBTS Q3","North Sea"
"192",2000,134.969696969697,0,0.238035185701808,0,"Alloteuthis spp.","IBTS Q1","North Sea"
"193",2001,62.5384615384615,0,0.110294048516352,0,"Alloteuthis spp.","IBTS Q1","North Sea"
"194",2002,172.192729483877,0,0.303682450649632,0,"Alloteuthis spp.","IBTS Q1","North Sea"
"195",2003,123.370958234696,4.35897435897436,0.217579424218453,0.00316967160880529,"Alloteuthis spp.","IBTS Q1","North Sea"
"196",2004,770.239247311828,0,1.35840893463557,0,"Alloteuthis spp.","IBTS Q1","North Sea"
"197",2005,452.244425865966,449.920607705188,0.797587075547645,0.327164249893663,"Alloteuthis spp.","IBTS Q1","North Sea"
"198",2006,1212.32120426519,2157.45350864232,2.13807328212565,1.56881380125163,"Alloteuthis spp.","IBTS Q1","North Sea"
"199",2007,891.207164765485,1576.49700939394,1.57175030934064,1.14636549805679,"Alloteuthis spp.","IBTS Q1","North Sea"
"200",2008,975.183487950037,1700.38992317078,1.71985258809346,1.23645546395028,"Alloteuthis spp.","IBTS Q1","North Sea"
"201",2009,1782.144260079,4753.24885364067,3.143024318937,3.4563722335169,"Alloteuthis spp.","IBTS Q1","North Sea"
"202",2010,758.7240955532,2133.17347211789,1.33810058877135,1.55115833092893,"Alloteuthis spp.","IBTS Q1","North Sea"
"203",2011,410.282147160476,1040.61412841624,0.723581583734361,0.756692925199656,"Alloteuthis spp.","IBTS Q1","North Sea"
"204",2012,1206.43139340254,3677.64479687704,2.12768589700204,2.67423603351373,"Alloteuthis spp.","IBTS Q1","North Sea"
"205",2013,843.477941926134,1643.77255245298,1.48757412255911,1.19528557907589,"Alloteuthis spp.","IBTS Q1","North Sea"
"206",2014,851.901093143525,2574.9302010291,1.50242935606146,1.87238613506725,"Alloteuthis spp.","IBTS Q1","North Sea"
"207",2015,494.364608586791,1019.74234889158,0.871871049957078,0.741515802891436,"Alloteuthis spp.","IBTS Q1","North Sea"
"208",2016,411.69050196411,1408.08890136244,0.726065385689495,1.02390586540925,"Alloteuthis spp.","IBTS Q1","North Sea"
"209",2017,421.491512927606,1474.05472271264,0.743350639469719,1.07187356924645,"Alloteuthis spp.","IBTS Q1","North Sea"
"210",2018,399.009955568339,1462.03706649662,0.70370172715068,1.06313481086539,"Alloteuthis spp.","IBTS Q1","North Sea"
"211",2019,372.803771437075,1141.06574096912,0.657483990530719,0.829737315495752,"Alloteuthis spp.","IBTS Q1","North Sea"
"212",2020,520.438985943681,1572.5584243217,0.917856329583213,1.14350151670378,"Alloteuthis spp.","IBTS Q1","North Sea"
"213",2021,358.533154863015,1316.6980324964,0.632316053263673,0.957450085105717,"Alloteuthis spp.","IBTS Q1","North Sea"
"214",2022,205.960761573686,694.042549501158,0.363236409573368,0.504679950669469,"Alloteuthis spp.","IBTS Q1","North Sea"
"215",2023,235.558754618519,804.833897643039,0.415436006438501,0.585242982655097,"Alloteuthis spp.","IBTS Q1","North Sea"
"216",2024,304.149651910813,928.477205232044,0.536404248503167,0.675151444923699,"Alloteuthis spp.","IBTS Q1","North Sea"
"217",2025,684.430045131915,2715.03047407213,1.20707415479676,1.97426144363292,"Alloteuthis spp.","IBTS Q1","North Sea"
"218",2026,253.764968158853,882.1240552172,0.447544839149101,0.641445290337528,"Alloteuthis spp.","IBTS Q1","North Sea"
"219",2000,47.3200883002208,0,0.543680372703985,0,"Alloteuthis spp.","IBTS Q3","North Sea"
"220",2001,3.90540540540541,0,0.04487084328541,0,"Alloteuthis spp.","IBTS Q3","North Sea"
"221",2002,11.0782997762864,0,0.127283239901937,0,"Alloteuthis spp.","IBTS Q3","North Sea"
"222",2003,48.4684684684685,0,0.556874594868526,0,"Alloteuthis spp.","IBTS Q3","North Sea"
"223",2004,115.995525727069,322.523489932886,1.33272132247888,0.739630803497643,"Alloteuthis spp.","IBTS Q3","North Sea"
"224",2005,25.5955555555556,45.4133333333333,0.294078089958786,0.104144663168035,"Alloteuthis spp.","IBTS Q3","North Sea"
"225",2006,5.83673469387755,27.0566893424036,0.0670606967934763,0.0620480724751937,"Alloteuthis spp.","IBTS Q3","North Sea"
"226",2007,494.278046266296,3680.19929318059,5.67896810987574,8.43966050600854,"Alloteuthis spp.","IBTS Q3","North Sea"
"227",2008,38.8735555555556,123.36,0.446634609781041,0.282896777343119,"Alloteuthis spp.","IBTS Q3","North Sea"
"228",2009,75.1919649239896,238.047400815721,0.863912071652431,0.545905014151048,"Alloteuthis spp.","IBTS Q3","North Sea"
"229",2010,16.7562365591398,42.8304659498208,0.192519440787831,0.0982214720274683,"Alloteuthis spp.","IBTS Q3","North Sea"
"230",2011,8.1129379167623,43.1982638531868,0.0932129518086518,0.0990649289144317,"Alloteuthis spp.","IBTS Q3","North Sea"
"231",2012,46.4725879787518,210.997060763259,0.533943085492692,0.483871502260022,"Alloteuthis spp.","IBTS Q3","North Sea"
"232",2013,2.53677924455714,15.3019889845719,0.0291461223909451,0.0350914670126078,"Alloteuthis spp.","IBTS Q3","North Sea"
"233",2014,106.290858857894,536.067566287676,1.22122032808246,1.22934327935273,"Alloteuthis spp.","IBTS Q3","North Sea"
"234",2015,38.869005716619,154.730260650606,0.446582334770203,0.354836998180262,"Alloteuthis spp.","IBTS Q3","North Sea"
"235",2016,59.14516985138,288.069532908705,0.679543702125526,0.660618859521807,"Alloteuthis spp.","IBTS Q3","North Sea"
"236",2017,47.3292092395271,247.246074174087,0.5437851670072,0.566999980500866,"Alloteuthis spp.","IBTS Q3","North Sea"
"237",2018,24.6895389748256,120.749924173491,0.283668484863333,0.276911190119217,"Alloteuthis spp.","IBTS Q3","North Sea"
"238",2019,109.66786226937,600.161802062953,1.26002013888851,1.3763281427371,"Alloteuthis spp.","IBTS Q3","North Sea"
"239",2020,130.676529125188,609.317344869827,1.5013975377158,1.39732419944017,"Alloteuthis spp.","IBTS Q3","North Sea"
"240",2021,50.8802524764902,309.727876175325,0.584584594478917,0.710287111084046,"Alloteuthis spp.","IBTS Q3","North Sea"
"241",2022,251.224268373856,1506.40459752073,2.88642115363819,3.45458013953852,"Alloteuthis spp.","IBTS Q3","North Sea"
"242",2023,162.558427192608,809.784787876895,1.86770205756016,1.85704853138663,"Alloteuthis spp.","IBTS Q3","North Sea"
"243",2024,244.878671459541,953.499388156769,2.81351392503127,2.18662373628555,"Alloteuthis spp.","IBTS Q3","North Sea"
"244",2025,96.319484913288,452.875733059315,1.1066550240581,1.038562624995,"Alloteuthis spp.","IBTS Q3","North Sea"
"245",2000,3.2704641350211,0,0.245847966318985,0,"Alloteuthis spp.","BTS","North Sea"
"246",2001,0.193452380952381,0.125,0.0145422400225776,0.0012781874960304,"Alloteuthis spp.","BTS","North Sea"
"247",2002,4.42227091318891,1.06069741734499,0.33243180956396,0.0108461614073768,"Alloteuthis spp.","BTS","North Sea"
"248",2003,4.1501727291902,0.0952380952380952,0.311977591932021,0.000973857139832684,"Alloteuthis spp.","BTS","North Sea"
"249",2004,4.47979776017608,2.78763440860215,0.336756228899153,0.0285049555566349,"Alloteuthis spp.","BTS","North Sea"
"250",2005,1.59670138888889,0.03125,0.120027547488913,0.0003195468740076,"Alloteuthis spp.","BTS","North Sea"
"251",2006,1.89578634085213,1.47556390977444,0.14251041969332,0.0150883787125393,"Alloteuthis spp.","BTS","North Sea"
"252",2007,4.03090334537204,0.323232323232323,0.303011850604414,0.00330521211094729,"Alloteuthis spp.","BTS","North Sea"
"253",2008,2.29707049840531,10.5298977379066,0.172675830466076,0.107673468984568,"Alloteuthis spp.","BTS","North Sea"
"254",2009,0.920346544260337,4.21664203612479,0.0691844695045555,0.043117273006487,"Alloteuthis spp.","BTS","North Sea"
"255",2010,0.269893989426009,1.44178711272307,0.0202885234886314,0.0147429940753632,"Alloteuthis spp.","BTS","North Sea"
"256",2011,0.77614764332023,0.95731565125552,0.0583447216651164,0.00978903116151202,"Alloteuthis spp.","BTS","North Sea"
"257",2012,3.15734254040264,1.8467556284657,0.237344367797325,0.0188839996202289,"Alloteuthis spp.","BTS","North Sea"
"258",2013,57.0378227424946,3.58947983233698,4.28765830951838,0.0367042259115713,"Alloteuthis spp.","BTS","North Sea"
"259",2014,7.99492653559529,44.3046391667081,0.600996173172561,0.4530370863922,"Alloteuthis spp.","BTS","North Sea"
"260",2015,1.33862727110747,4.62252382798197,0.100627549691439,0.047267617256233,"Alloteuthis spp.","BTS","North Sea"
"261",2016,3.73793995859213,15.9300137362637,0.280989149889093,0.162892354954278,"Alloteuthis spp.","BTS","North Sea"
"262",2017,6.76650099585131,15.2272339978862,0.508652729474039,0.155706080761817,"Alloteuthis spp.","BTS","North Sea"
"263",2018,7.79037445200302,54.7589177489177,0.585619544143377,0.55993731170259,"Alloteuthis spp.","BTS","North Sea"
"264",2019,12.1589045273282,109.592420048479,0.914011536986645,1.12063728772542,"Alloteuthis spp.","BTS","North Sea"
"265",2020,30.8599950842158,233.176442227447,2.31981355515442,2.38434570259182,"Alloteuthis spp.","BTS","North Sea"
"266",2021,6.98686741170324,80.625332997647,0.525218156564971,0.824434340007036,"Alloteuthis spp.","BTS","North Sea"
"267",2022,93.382902161077,815.018604695706,7.01979769153391,8.33397271643355,"Alloteuthis spp.","BTS","North Sea"
"268",2023,36.5519191253259,766.599523246872,2.74768797669735,7.83886340061613,"Alloteuthis spp.","BTS","North Sea"
"269",2024,25.7619396994641,194.918007608756,1.93658154380119,1.99313408061336,"Alloteuthis spp.","BTS","North Sea"
"270",2025,24.043498078884,179.408804907918,1.80740251592758,1.83454472888847,"Alloteuthis spp.","BTS","North Sea"
"271",2000,1.96349206349206,0,0.103253676577767,NA,"Alloteuthis spp.","SNS","North Sea"
"272",2001,5.13777777777778,0,0.270179062527821,NA,"Alloteuthis spp.","SNS","North Sea"
"273",2002,5.24649859943978,0,0.275896337767117,NA,"Alloteuthis spp.","SNS","North Sea"
"274",2004,4.5921568627451,0,0.24148662900983,NA,"Alloteuthis spp.","SNS","North Sea"
"275",2005,42.5083333333333,0,2.23537532107658,NA,"Alloteuthis spp.","SNS","North Sea"
"276",2006,4.91666666666667,0,0.258551546644812,NA,"Alloteuthis spp.","SNS","North Sea"
"277",2007,11.9688888888889,0,0.629405030611958,NA,"Alloteuthis spp.","SNS","North Sea"
"278",2008,8.1,0,0.425952717523317,NA,"Alloteuthis spp.","SNS","North Sea"
"279",2009,17.59375,0,0.925198225176032,NA,"Alloteuthis spp.","SNS","North Sea"
"280",2010,5.11309523809524,0,0.268881087854592,NA,"Alloteuthis spp.","SNS","North Sea"
"281",2011,40.9380952380952,0,2.1528015946784,NA,"Alloteuthis spp.","SNS","North Sea"
"282",2012,1.59040178571429,0,0.0836340694541897,NA,"Alloteuthis spp.","SNS","North Sea"
"283",2013,2.00833333333333,0,0.105611733459999,NA,"Alloteuthis spp.","SNS","North Sea"
"284",2014,192.591666666667,0,10.1277708381496,NA,"Alloteuthis spp.","SNS","North Sea"
"285",2015,8.92291666666667,0,0.469227234864292,NA,"Alloteuthis spp.","SNS","North Sea"
"286",2016,8.73016774891775,0,0.459091194701967,NA,"Alloteuthis spp.","SNS","North Sea"
"287",2017,2.13541666666667,0,0.112294633606327,NA,"Alloteuthis spp.","SNS","North Sea"
"288",2018,3.14166666666667,0,0.165210056076431,NA,"Alloteuthis spp.","SNS","North Sea"
"289",2019,25.0768707482993,0,1.31871126447149,NA,"Alloteuthis spp.","SNS","North Sea"
"290",2020,12.1502741702742,0,0.63894349401008,NA,"Alloteuthis spp.","SNS","North Sea"
"291",2021,19.8802083333333,0,1.04543564993988,NA,"Alloteuthis spp.","SNS","North Sea"
"292",2022,12.9664017800381,0,0.681860996877336,NA,"Alloteuthis spp.","SNS","North Sea"
"293",2023,15.6139423076923,0,0.821086562618992,NA,"Alloteuthis spp.","SNS","North Sea"
"294",2024,19.1676767676768,0,1.00796592688895,NA,"Alloteuthis spp.","SNS","North Sea"
"295",2025,3.35018037518038,0,0.176175115432267,NA,"Alloteuthis spp.","SNS","North Sea"
"296",2000,11.5233026105995,0,1.1581044353643,0,"Alloteuthis spp.","DYFS","North Sea"
"297",2001,3.40139117848096,0,0.341843509913941,0,"Alloteuthis spp.","DYFS","North Sea"
"298",2002,2.6168861725524,0,0.262999904253906,0,"Alloteuthis spp.","DYFS","North Sea"
"299",2003,16.8532386740346,0,1.69376880207064,0,"Alloteuthis spp.","DYFS","North Sea"
"300",2004,2.15758484867329,0,0.21683962205635,0,"Alloteuthis spp.","DYFS","North Sea"
"301",2005,34.667150851557,0,3.4840863352579,0,"Alloteuthis spp.","DYFS","North Sea"
"302",2006,12.4272312742301,0,1.24895024840757,0,"Alloteuthis spp.","DYFS","North Sea"
"303",2007,29.8824314574315,0,3.00321683633375,0,"Alloteuthis spp.","DYFS","North Sea"
"304",2008,4.04414717164263,0,0.40644118574455,0,"Alloteuthis spp.","DYFS","North Sea"
"305",2009,12.4194360460378,0,1.24816681950274,0,"Alloteuthis spp.","DYFS","North Sea"
"306",2010,7.04223772210538,0,0.707752544253955,0,"Alloteuthis spp.","DYFS","North Sea"
"307",2011,27.3279623521078,0,2.74648991516835,0,"Alloteuthis spp.","DYFS","North Sea"
"308",2012,6.90519707340931,0,0.693979810130481,0,"Alloteuthis spp.","DYFS","North Sea"
"309",2013,2.29914346984105,0,0.231066417323156,0,"Alloteuthis spp.","DYFS","North Sea"
"310",2014,1.82788158396041,0,0.183704085646254,0,"Alloteuthis spp.","DYFS","North Sea"
"311",2015,14.8808064430919,0,1.49553721931163,0,"Alloteuthis spp.","DYFS","North Sea"
"312",2016,4.49127443438045,0,0.451377961567192,0,"Alloteuthis spp.","DYFS","North Sea"
"313",2017,2.35031804524346,0,0.236209517765289,0,"Alloteuthis spp.","DYFS","North Sea"
"314",2018,2.64089350583536,0,0.265412667338916,0,"Alloteuthis spp.","DYFS","North Sea"
"315",2019,7.343645561367,0,0.738044359656024,0,"Alloteuthis spp.","DYFS","North Sea"
"316",2020,20.1182369702865,13.1209902747299,2.02190467909501,8.05644511163877,"Alloteuthis spp.","DYFS","North Sea"
"317",2021,4.23519602259712,2.05563909774436,0.425641802888643,1.2621870158849,"Alloteuthis spp.","DYFS","North Sea"
"318",2022,8.20813208328054,11.016710349867,0.824926194592808,6.76439204558082,"Alloteuthis spp.","DYFS","North Sea"
"319",2023,12.0668298815353,11.3140350877193,1.21272951677397,6.94695299415898,"Alloteuthis spp.","DYFS","North Sea"
"320",2024,4.29109828207482,3.78575581395349,0.431260040718174,2.32449939239144,"Alloteuthis spp.","DYFS","North Sea"
"321",2025,2.68201645941778,1.05132060921535,0.269545568864497,0.645523440345087,"Alloteuthis spp.","DYFS","North Sea"
"322",2014,302.315395691279,24501.749931779,1.09399963262716,1.32292141445034,"Loligo vulgaris","FR-CGFS","English Channel"
"323",2015,253.631133885652,12756.958564085,0.917824137468228,0.688785646522117,"Loligo vulgaris","FR-CGFS","English Channel"
"324",2016,344.791344071308,17945.994529489,1.2477088799415,0.968956932985305,"Loligo vulgaris","FR-CGFS","English Channel"
"325",2017,729.419584186721,72325.9536757746,2.63957697326875,3.90509058351482,"Loligo vulgaris","FR-CGFS","English Channel"
"326",2018,486.612466590093,34672.7065063573,1.76092209417278,1.8720812212159,"Loligo vulgaris","FR-CGFS","English Channel"
"327",2019,397.950221998255,22957.6466925666,1.44007682994276,1.23955074717294,"Loligo vulgaris","FR-CGFS","English Channel"
"328",2020,393.851039463097,24287.3157127097,1.42524297016768,1.31134348139708,"Loligo vulgaris","FR-CGFS","English Channel"
"329",2021,972.738997479442,44529.8734230016,3.52008571528838,2.40429860308244,"Loligo vulgaris","FR-CGFS","English Channel"
"330",2022,1010.67640728222,63261.5537279285,3.65737118926221,3.41567701780885,"Loligo vulgaris","FR-CGFS","English Channel"
"331",2023,338.075332643646,25233.9646989864,1.22340540701455,1.36245583946946,"Loligo vulgaris","FR-CGFS","English Channel"
"332",2024,1043.62444074486,83917.0413702055,3.77660142701275,4.53092743885901,"Loligo vulgaris","FR-CGFS","English Channel"
"333",2025,911.142637320153,55153.7163474078,3.29718474383323,2.97791107352174,"Loligo vulgaris","FR-CGFS","English Channel"
"334",2018,50.7175627240143,3671.97132616487,0.155164450423091,0.230294757068739,"Loligo vulgaris","FR-WCGFS","English Channel"
"335",2019,39.6627956989247,2060.02494623656,0.121343683850821,0.129198433868105,"Loligo vulgaris","FR-WCGFS","English Channel"
"336",2020,309.883141321045,9230.86213517665,0.948051222021637,0.578931305320351,"Loligo vulgaris","FR-WCGFS","English Channel"
"337",2021,306.791619420006,6348.10652329749,0.938593072398875,0.398133732475566,"Loligo vulgaris","FR-WCGFS","English Channel"
"338",2022,167.592798957315,11029.3832649071,0.512730564096418,0.691729023456911,"Loligo vulgaris","FR-WCGFS","English Channel"
"339",2023,155.054480286738,7789.11684587814,0.474371044804525,0.488509471471016,"Loligo vulgaris","FR-WCGFS","English Channel"
"340",2024,1169.04240945105,62656.6277677561,3.5765485019624,3.9296311405548,"Loligo vulgaris","FR-WCGFS","English Channel"
"341",2025,416.161510474601,24771.1776348721,1.27319746044223,1.55357213578451,"Loligo vulgaris","FR-WCGFS","English Channel"
"342",2007,35.5260752688172,10616.9162634409,0.286698079178115,0.386361692049718,"Loligo vulgaris","IBTS Q1","English Channel"
"343",2008,135.698156682028,32656.9330261137,1.09509425328771,1.18842303999056,"Loligo vulgaris","IBTS Q1","English Channel"
"344",2009,71.1344086021505,12897.3978494624,0.574059987076831,0.469351017989634,"Loligo vulgaris","IBTS Q1","English Channel"
"345",2010,57.0708048224177,13101.6961876833,0.460565654830383,0.476785667531873,"Loligo vulgaris","IBTS Q1","English Channel"
"346",2011,72.2963709677419,10321.75,0.58343711009905,0.375620255068463,"Loligo vulgaris","IBTS Q1","English Channel"
"347",2012,66.9830451343243,18091.6136279368,0.540558174022895,0.658374454479685,"Loligo vulgaris","IBTS Q1","English Channel"
"348",2013,119.847976403823,20552.3959677419,0.967182115343869,0.7479251304935,"Loligo vulgaris","IBTS Q1","English Channel"
"349",2014,61.297688172043,8974.47043010753,0.494676918967438,0.326591214867767,"Loligo vulgaris","IBTS Q1","English Channel"
"350",2015,173.7,54242.8333333333,1.40177196542028,1.97395857217069,"Loligo vulgaris","IBTS Q1","English Channel"
"351",2016,19.4,4423.8,0.156559448066513,0.160987127606449,"Loligo vulgaris","IBTS Q1","English Channel"
"352",2017,233,56172.2666666667,1.88032739172668,2.04417285180392,"Loligo vulgaris","IBTS Q1","English Channel"
"353",2018,130.258064516129,39744.5032258065,1.05119230344626,1.44634780335183,"Loligo vulgaris","IBTS Q1","English Channel"
"354",2019,142.696774193548,30464.3096774194,1.15157361900071,1.10863097551451,"Loligo vulgaris","IBTS Q1","English Channel"
"355",2020,207.243070648299,43863.4855295057,1.67246704929418,1.59624226732722,"Loligo vulgaris","IBTS Q1","English Channel"
"356",2021,67.9391422568286,14801.377753059,0.548273949167083,0.538639018283594,"Loligo vulgaris","IBTS Q1","English Channel"
"357",2022,197.669677419355,26852.464516129,1.5952090513536,0.97719181057139,"Loligo vulgaris","IBTS Q1","English Channel"
"358",2023,223.473313782991,60958.337829912,1.80344632285875,2.21834344023263,"Loligo vulgaris","IBTS Q1","English Channel"
"359",2024,138.48,28843.28,1.11754393650777,1.04963985667267,"Loligo vulgaris","IBTS Q1","English Channel"
"360",2025,220.857565863678,43763.4317332922,1.78233704190366,1.59260119556572,"Loligo vulgaris","IBTS Q1","English Channel"
"361",2026,103.719688542825,18241.0498331479,0.837025628448217,0.663812608428181,"Loligo vulgaris","IBTS Q1","English Channel"
"362",2014,9.93384015487674,2776.76393900815,2.67347580532619,2.44149583663966,"Loligo forbesii","FR-CGFS","English Channel"
"363",2015,0,0,0,0,"Loligo forbesii","FR-CGFS","English Channel"
"364",2016,14.5096646185356,2334.42079493088,3.90495887756044,2.05256146254356,"Loligo forbesii","FR-CGFS","English Channel"
"365",2017,4.96011798088411,2132.83372589179,1.33490726715056,1.8753141341462,"Loligo forbesii","FR-CGFS","English Channel"
"366",2018,8.17269453963002,2426.8319564247,2.1995019826543,2.13381484633923,"Loligo forbesii","FR-CGFS","English Channel"
"367",2019,8.80347394540943,3182.02574737091,2.36926246335032,2.79782609718755,"Loligo forbesii","FR-CGFS","English Channel"
"368",2020,8.05721146953405,2470.92532411674,2.16842224017679,2.17258435502206,"Loligo forbesii","FR-CGFS","English Channel"
"369",2021,15.1907236652237,4035.64739026207,4.08825102389372,3.5483809635579,"Loligo forbesii","FR-CGFS","English Channel"
"370",2022,6.16868224439642,3974.97296790124,1.66016590502947,3.49503240644671,"Loligo forbesii","FR-CGFS","English Channel"
"371",2023,3.01240762697937,1038.93712998162,0.8107236256017,0.913495253142241,"Loligo forbesii","FR-CGFS","English Channel"
"372",2024,4.58409352233631,2244.24485031704,1.23370850851693,1.97327341423421,"Loligo forbesii","FR-CGFS","English Channel"
"373",2025,13.2153496045969,2952.73634426108,3.55662230073957,2.59622123074067,"Loligo forbesii","FR-CGFS","English Channel"
"374",2018,272.758269329237,14961.1346338966,0.533954291422541,0.78849114329364,"Loligo forbesii","FR-WCGFS","English Channel"
"375",2019,523.565143959983,24557.134672496,1.02493631501689,1.2942255830024,"Loligo forbesii","FR-WCGFS","English Channel"
"376",2020,824.334335288368,26228.7483696411,1.61372506496906,1.38232402121985,"Loligo forbesii","FR-WCGFS","English Channel"
"377",2021,379.807495100376,12045.9077156276,0.743514916786992,0.63485101759499,"Loligo forbesii","FR-WCGFS","English Channel"
"378",2022,328.414740957967,15451.5151906158,0.642907951909826,0.814335488343548,"Loligo forbesii","FR-WCGFS","English Channel"
"379",2023,383.017713111261,14131.4193889265,0.749799271382471,0.744762967715807,"Loligo forbesii","FR-WCGFS","English Channel"
"380",2024,402.75843464508,20148.852946378,0.788443903512897,1.06189754216571,"Loligo forbesii","FR-WCGFS","English Channel"
"381",2025,971.959875169942,24270.3682182878,1.90271828499932,1.27911223666405,"Loligo forbesii","FR-WCGFS","English Channel"
"382",2007,1.2,235.466666666667,0.869518852305001,0.971356568899466,"Loligo forbesii","IBTS Q1","English Channel"
"383",2008,0.566666666666667,102.9,0.410606124699584,0.424487220865324,"Loligo forbesii","IBTS Q1","English Channel"
"384",2009,8.54838709677419,2027.89784946237,6.19415311453832,8.36556581454857,"Loligo forbesii","IBTS Q1","English Channel"
"385",2010,0.181818181818182,28.7636363636364,0.131745280652273,0.118656910223331,"Loligo forbesii","IBTS Q1","English Channel"
"386",2011,0.8125,74.6875,0.588736722914845,0.3081038805479,"Loligo forbesii","IBTS Q1","English Channel"
"387",2012,1.93548387096774,187.302052785924,1.40244976178226,0.772665965495307,"Loligo forbesii","IBTS Q1","English Channel"
"388",2013,2.81683094384707,718.868652927121,2.04107300785927,2.96550589551247,"Loligo forbesii","IBTS Q1","English Channel"
"389",2014,7.82795698924731,792.924731182796,5.6721301476527,3.27100500967123,"Loligo forbesii","IBTS Q1","English Channel"
"390",2015,0.666666666666667,100.133333333333,0.483066029058334,0.413074056196772,"Loligo forbesii","IBTS Q1","English Channel"
"391",2016,0,0,0,0,"Loligo forbesii","IBTS Q1","English Channel"
"392",2017,1.6,238,1.15935846974,0.981807177511635,"Loligo forbesii","IBTS Q1","English Channel"
"393",2018,0.4,70.2,0.289839617435,0.289591864963516,"Loligo forbesii","IBTS Q1","English Channel"
"394",2019,0,0,0,0,"Loligo forbesii","IBTS Q1","English Channel"
"395",2020,0.645161290322581,172.258064516129,0.46748325392742,0.710605899689906,"Loligo forbesii","IBTS Q1","English Channel"
"396",2021,0,0,0,0,"Loligo forbesii","IBTS Q1","English Channel"
"397",2022,0,0,0,0,"Loligo forbesii","IBTS Q1","English Channel"
"398",2023,0,0,0,0,"Loligo forbesii","IBTS Q1","English Channel"
"399",2024,0.4,98.8,0.289839617435,0.407573735874578,"Loligo forbesii","IBTS Q1","English Channel"
"400",2025,0,0,0,0,"Loligo forbesii","IBTS Q1","English Channel"
"401",2026,0,0,0,0,"Loligo forbesii","IBTS Q1","English Channel"
"402",2018,650.413170474199,2031.72238276052,7.48584928579285,7.13397550503349,"Alloteuthis spp.","FR-CGFS","English Channel"
"403",2019,389.87589284165,1162.75095595058,4.48722797517872,4.08276096606033,"Alloteuthis spp.","FR-CGFS","English Channel"
"404",2020,0,0,0,0,"Alloteuthis spp.","FR-CGFS","English Channel"
"405",2021,922.430959693197,3537.74923313523,10.6166041130104,12.4220792103724,"Alloteuthis spp.","FR-CGFS","English Channel"
"406",2022,291.620382404909,660.370759956365,3.35636842925066,2.31875617739077,"Alloteuthis spp.","FR-CGFS","English Channel"
"407",2023,0,0,0,0,"Alloteuthis spp.","FR-CGFS","English Channel"
"408",2024,4.6875,12.0833333333333,0.0539501967673423,0.0424281411429996,"Alloteuthis spp.","FR-CGFS","English Channel"
"409",2025,0,0,0,0,"Alloteuthis spp.","FR-CGFS","English Channel"
"410",2024,12.2066885964912,20.3572211779449,8,8,"Alloteuthis spp.","FR-WCGFS","English Channel"
"411",2025,0,0,0,0,"Alloteuthis spp.","FR-WCGFS","English Channel"
"412",2007,123.858333333333,502.7625,0.76774684650917,1.01972751628653,"Alloteuthis spp.","IBTS Q1","English Channel"
"413",2008,180.34623655914,1389.41612903226,1.11789211651545,2.81808181466699,"Alloteuthis spp.","IBTS Q1","English Channel"
"414",2009,242.008960573477,957.887992831541,1.50011397139675,1.94283532246498,"Alloteuthis spp.","IBTS Q1","English Channel"
"415",2010,385.196230098538,657.047575869934,2.38767294041881,1.33265606051353,"Alloteuthis spp.","IBTS Q1","English Channel"
"416",2011,37.7592927326659,255.477127363737,0.234054319493407,0.518171217134616,"Alloteuthis spp.","IBTS Q1","English Channel"
"417",2012,510.578953045471,2286.54003438164,3.16486885092873,4.63767244006804,"Alloteuthis spp.","IBTS Q1","English Channel"
"418",2013,429.430017091464,1783.62433127572,2.66185998588455,3.61763418974171,"Alloteuthis spp.","IBTS Q1","English Channel"
"419",2014,28.4166666666667,15.3333333333333,0.176143224557375,0.0310998173419726,"Alloteuthis spp.","IBTS Q1","English Channel"
"420",2015,0,0,0,0,"Alloteuthis spp.","IBTS Q1","English Channel"
"421",2016,0,0,0,0,"Alloteuthis spp.","IBTS Q1","English Channel"
"422",2017,0,0,0,0,"Alloteuthis spp.","IBTS Q1","English Channel"
"423",2018,0,0,0,0,"Alloteuthis spp.","IBTS Q1","English Channel"
"424",2019,181.412903225806,543.812903225806,1.12450394429942,1.1029879538172,"Alloteuthis spp.","IBTS Q1","English Channel"
"425",2020,875.030978865406,684.170522803115,5.42395700427974,1.38766814934383,"Alloteuthis spp.","IBTS Q1","English Channel"
"426",2021,85.8987516994191,299.360795946113,0.532451018526299,0.60717822216989,"Alloteuthis spp.","IBTS Q1","English Channel"
"427",2022,84.2928110599078,298.681566820276,0.522496453270302,0.605800576403791,"Alloteuthis spp.","IBTS Q1","English Channel"
"428",2023,62.3108504398827,186.607624633431,0.386239323919998,0.378486720046898,"Alloteuthis spp.","IBTS Q1","English Channel"
"429",2024,0,0,0,0,"Alloteuthis spp.","IBTS Q1","English Channel"
"430",2025,0,0,0,0,"Alloteuthis spp.","IBTS Q1","English Channel"
"431",2026,0,0,0,0,"Alloteuthis spp.","IBTS Q1","English Channel"
"432",2007,0.0673400673400673,6.06060606060606,0.0284088726604,0.0264710573987237,"Loligo vulgaris","EVHOE","Celtic Seas"
"433",2008,0.121212121212121,13.3333333333333,0.0511359707887201,0.058236326277192,"Loligo vulgaris","EVHOE","Celtic Seas"
"434",2009,0,0,0,0,"Loligo vulgaris","EVHOE","Celtic Seas"
"435",2010,0,0,0,0,"Loligo vulgaris","EVHOE","Celtic Seas"
"436",2011,0,0,0,0,"Loligo vulgaris","EVHOE","Celtic Seas"
"437",2012,0,0,0,0,"Loligo vulgaris","EVHOE","Celtic Seas"
"438",2013,0,0,0,0,"Loligo vulgaris","EVHOE","Celtic Seas"
"439",2014,0.0517241379310345,6.36206896551724,0.0218209530520831,0.0277877643055395,"Loligo vulgaris","EVHOE","Celtic Seas"
"440",2015,0.922222222222222,95.1666666666667,0.389059511084179,0.415661778803458,"Loligo vulgaris","EVHOE","Celtic Seas"
"441",2016,0.696057347670251,87.3383512544803,0.293646937631354,0.381469854012594,"Loligo vulgaris","EVHOE","Celtic Seas"
"442",2018,0.907258064516129,130.887096774194,0.382746555550652,0.571678775491226,"Loligo vulgaris","EVHOE","Celtic Seas"
"443",2019,29.440207780725,2727.25254199823,12.4199922419843,11.9118876657083,"Loligo vulgaris","EVHOE","Celtic Seas"
"444",2020,0.361413043478261,22.9692028985507,0.152469956380226,0.100323149574527,"Loligo vulgaris","EVHOE","Celtic Seas"
"445",2021,0.762328513162773,75.2614015572859,0.321604870789125,0.328721065287665,"Loligo vulgaris","EVHOE","Celtic Seas"
"446",2022,0,0,0,0,"Loligo vulgaris","EVHOE","Celtic Seas"
"447",2023,6.89763223634191,519.771604938272,2.90991624452854,2.27021915811037,"Loligo vulgaris","EVHOE","Celtic Seas"
"448",2024,14.8523041474654,1447.87933947773,6.26576767599732,6.32393802178726,"Loligo vulgaris","EVHOE","Celtic Seas"
"449",2025,4.18001483129403,591.52206154987,1.76343020955311,2.58360538324316,"Loligo vulgaris","EVHOE","Celtic Seas"
"450",2003,662.895781699012,41394.1077224075,0.877529629904772,1.03682555663416,"Loligo forbesii","IE-IGFS","Celtic Seas"
"451",2004,491.09056923148,26189.7458672122,0.650096949422279,0.655991862875217,"Loligo forbesii","IE-IGFS","Celtic Seas"
"452",2005,143.946669759094,30719.9698963193,0.190554037794552,0.769463376312715,"Loligo forbesii","IE-IGFS","Celtic Seas"
"453",2006,985.911398321422,33053.4874518461,1.30513195041076,0.827912531797589,"Loligo forbesii","IE-IGFS","Celtic Seas"
"454",2007,188.191176419939,14720.9168622221,0.249124127735234,0.368724527707997,"Loligo forbesii","IE-IGFS","Celtic Seas"
"455",2008,846.975583155511,49872.5931599651,1.12121119268535,1.24919178136744,"Loligo forbesii","IE-IGFS","Celtic Seas"
"456",2009,1290.00757081598,72301.8175973293,1.70768904772801,1.81099138019184,"Loligo forbesii","IE-IGFS","Celtic Seas"
"457",2010,758.790742035746,35813.0833463599,1.0044736705477,0.897033952860755,"Loligo forbesii","IE-IGFS","Celtic Seas"
"458",2011,1672.95570247843,125876.731588038,2.21462896426991,3.15291763676324,"Loligo forbesii","IE-IGFS","Celtic Seas"
"459",2012,760.100374702703,38469.5149989902,1.00620733894819,0.963571351018226,"Loligo forbesii","IE-IGFS","Celtic Seas"
"460",2013,2715.84657171357,53321.3973210391,3.59518932349469,1.33557625710025,"Loligo forbesii","IE-IGFS","Celtic Seas"
"461",2014,2400.84372935936,89731.6663311629,3.17819417086065,2.24756831371814,"Loligo forbesii","IE-IGFS","Celtic Seas"
"462",2015,255.21020405671,15121.1445282824,0.337842722938751,0.378749294407309,"Loligo forbesii","IE-IGFS","Celtic Seas"
"463",2016,570.906164392192,27580.3492929159,0.755755412812246,0.690823225362397,"Loligo forbesii","IE-IGFS","Celtic Seas"
"464",2017,708.709792794322,44008.3531044637,0.938177401863554,1.10230628740883,"Loligo forbesii","IE-IGFS","Celtic Seas"
"465",2018,57.809592445497,7358.53366263352,0.0765273089136603,0.184314052906645,"Loligo forbesii","IE-IGFS","Celtic Seas"
"466",2019,973.844100180347,57708.1835521335,1.28915747604535,1.44545498927129,"Loligo forbesii","IE-IGFS","Celtic Seas"
"467",2020,63.2328594010109,4833.12143618868,0.0837065331231573,0.121058384854234,"Loligo forbesii","IE-IGFS","Celtic Seas"
"468",2021,461.020562995359,25690.2499770668,0.610290810701669,0.643480659401295,"Loligo forbesii","IE-IGFS","Celtic Seas"
"469",2022,85.737461862016,15993.5664953947,0.113497725063079,0.400601423646017,"Loligo forbesii","IE-IGFS","Celtic Seas"
"470",2023,90.8479788486642,8017.15921513761,0.120262936433743,0.200811082137665,"Loligo forbesii","IE-IGFS","Celtic Seas"
"471",2024,1090.52704587932,81831.2798711686,1.44362028148511,2.04968211590612,"Loligo forbesii","IE-IGFS","Celtic Seas"
"472",2025,99.057826709338,18642.4579047792,0.131130986817601,0.466949956350633,"Loligo forbesii","IE-IGFS","Celtic Seas"
"473",2008,5.85187728937729,1249.23129995005,2.69694422082421,3.17657696508152,"Loligo forbesii","SP-PORC","Celtic Seas"
"474",2009,12.6949405828918,2615.39116150049,5.8506945627324,6.65048283583068,"Loligo forbesii","SP-PORC","Celtic Seas"
"475",2010,4.69012480486266,993.722071832686,2.1615294309708,2.52686163339248,"Loligo forbesii","SP-PORC","Celtic Seas"
"476",2011,6.36356668114644,852.212790632888,2.9327655957006,2.16702825183816,"Loligo forbesii","SP-PORC","Celtic Seas"
"477",2012,2.1971165544695,868.583000224177,1.01258117712244,2.20865483508446,"Loligo forbesii","SP-PORC","Celtic Seas"
"478",2013,10.3706572337686,452.776645531401,4.77950625238374,1.15133191313685,"Loligo forbesii","SP-PORC","Celtic Seas"
"479",2014,0,0,0,0,"Loligo forbesii","SP-PORC","Celtic Seas"
"480",2015,0.341269841269841,130.628571428571,0.157280421417079,0.332165637378841,"Loligo forbesii","SP-PORC","Celtic Seas"
"481",2016,0.82797619047619,474.796428571429,0.381587906147367,1.20732437472811,"Loligo forbesii","SP-PORC","Celtic Seas"
"482",2017,9.07857142857143,1546.15504201681,4.1840249781162,3.93160217096036,"Loligo forbesii","SP-PORC","Celtic Seas"
"483",2018,0.643973214285714,192.029017857143,0.296786783582446,0.488296246481031,"Loligo forbesii","SP-PORC","Celtic Seas"
"484",2019,0.150223214285714,52.978125,0.0692331041077942,0.134714117021354,"Loligo forbesii","SP-PORC","Celtic Seas"
"485",2020,0.503151260504202,236.873949579832,0.231886421589955,0.602329073801835,"Loligo forbesii","SP-PORC","Celtic Seas"
"486",2021,0.531994047619048,166.205654761905,0.245179145304967,0.422631945264315,"Loligo forbesii","SP-PORC","Celtic Seas"
"487",2022,0,0,0,0,"Loligo forbesii","SP-PORC","Celtic Seas"
"488",2023,0,0,0,0,"Loligo forbesii","SP-PORC","Celtic Seas"
"489",2024,0,0,0,0,"Loligo forbesii","SP-PORC","Celtic Seas"
"490",2025,0,0,0,0,"Loligo forbesii","SP-PORC","Celtic Seas"
"491",2008,0.107386363636364,17.8954545454545,0.246532300694443,0.204243023156207,"Loligo forbesii","NIGFS Q1","Celtic Seas"
"492",2009,0.107481782148835,30.4330908426538,0.246751357794543,0.347336607846594,"Loligo forbesii","NIGFS Q1","Celtic Seas"
"493",2010,0.0350877192982456,7.68671679197995,0.080552649999484,0.0877294439072147,"Loligo forbesii","NIGFS Q1","Celtic Seas"
"494",2011,0.0429385429385429,5.2995522995523,0.0985761824932635,0.0604844420288793,"Loligo forbesii","NIGFS Q1","Celtic Seas"
"495",2012,0.054300062774639,21.2581943323469,0.124659397621612,0.242622385827215,"Loligo forbesii","NIGFS Q1","Celtic Seas"
"496",2013,0.0683035714285714,12.8924107142857,0.156807959965513,0.147142668735733,"Loligo forbesii","NIGFS Q1","Celtic Seas"
"497",2014,0.222916666666667,3.93020833333333,0.511761054527972,0.044855950967594,"Loligo forbesii","NIGFS Q1","Celtic Seas"
"498",2015,0.33452380952381,62.4177248677249,0.767983211334366,0.712381168812198,"Loligo forbesii","NIGFS Q1","Celtic Seas"
"499",2016,0.274436090225564,35.8370927318296,0.63003679821025,0.409013145884989,"Loligo forbesii","NIGFS Q1","Celtic Seas"
"500",2017,0.361741065346715,43.6177304780502,0.830467240678459,0.497814521191493,"Loligo forbesii","NIGFS Q1","Celtic Seas"
"501",2018,0.376711008289956,59.5789473684211,0.864834495049405,0.679981852155953,"Loligo forbesii","NIGFS Q1","Celtic Seas"
"502",2019,0,0,0,0,"Loligo forbesii","NIGFS Q1","Celtic Seas"
"503",2020,0.226696832579186,65.9746606334842,0.520439372406168,0.752976914068395,"Loligo forbesii","NIGFS Q1","Celtic Seas"
"504",2021,0.207274696058345,35.3459128110175,0.475850992292113,0.403407249053173,"Loligo forbesii","NIGFS Q1","Celtic Seas"
"505",2022,0.491596638655462,135.936974789916,1.12858324127428,1.55146540811692,"Loligo forbesii","NIGFS Q1","Celtic Seas"
"506",2023,2.26176470588235,581.376470588235,5.19244751092262,6.63532114499921,"Loligo forbesii","NIGFS Q1","Celtic Seas"
"507",2024,1.45879120879121,235.667582417582,3.34902068342635,2.68970309586841,"Loligo forbesii","NIGFS Q1","Celtic Seas"
"508",2025,2.51538461538462,484.838461538462,5.77469555130916,5.53352097737982,"Loligo forbesii","NIGFS Q1","Celtic Seas"
"509",2009,96.1805204802099,2687.68525388019,0.244996240852843,0.219600994942679,"Loligo forbesii","NIGFS Q4","Celtic Seas"
"510",2010,418.107009650645,4959.30863953545,1.06502486290567,0.405207086617575,"Loligo forbesii","NIGFS Q4","Celtic Seas"
"511",2011,477.274309659744,15828.4737927934,1.21573902010993,1.29328707232491,"Loligo forbesii","NIGFS Q4","Celtic Seas"
"512",2012,1361.04934676066,25139.8843050483,3.46693875128479,2.05408858725634,"Loligo forbesii","NIGFS Q4","Celtic Seas"
"513",2013,580.663621466769,26663.993697479,1.47909788540423,2.17861802703953,"Loligo forbesii","NIGFS Q4","Celtic Seas"
"514",2014,384.515117647059,23044.9470588235,0.979457772782604,1.88291887795006,"Loligo forbesii","NIGFS Q4","Celtic Seas"
"515",2015,206.945171957672,3078.84435626102,0.527141971566966,0.251561183710953,"Loligo forbesii","NIGFS Q4","Celtic Seas"
"516",2016,407.866404320988,12586.337962963,1.03893943731952,1.02838393571612,"Loligo forbesii","NIGFS Q4","Celtic Seas"
"517",2017,473.031804692892,38861.6798123977,1.20493228124546,3.17524663262776,"Loligo forbesii","NIGFS Q4","Celtic Seas"
"518",2018,29.5960097001764,1286.5028659612,0.0753885618895089,0.105115473976657,"Loligo forbesii","NIGFS Q4","Celtic Seas"
"519",2019,288.062222222222,13467.6523809524,0.733767723690808,1.10039293407945,"Loligo forbesii","NIGFS Q4","Celtic Seas"
"520",2020,120.656677009265,3507.27004955828,0.30734323492404,0.286566290194779,"Loligo forbesii","NIGFS Q4","Celtic Seas"
"521",2021,38.7068452380952,1997.93005952381,0.0985961765569498,0.163243604608798,"Loligo forbesii","NIGFS Q4","Celtic Seas"
"522",2022,192.361989010989,7336.48901098901,0.48999489663154,0.599437856003892,"Loligo forbesii","NIGFS Q4","Celtic Seas"
"523",2023,64.16875,2690.16666666667,0.163454122016949,0.219803742163912,"Loligo forbesii","NIGFS Q4","Celtic Seas"
"524",2024,1704.555,20571.5,4.34193499101354,1.6808225073756,"Loligo forbesii","NIGFS Q4","Celtic Seas"
"525",2025,615.271153846154,28831.3543956044,1.56725206980466,2.35570519341099,"Loligo forbesii","NIGFS Q4","Celtic Seas"
"526",2000,23.1997217973674,910.228042732666,0.053297776493466,0.0939424323557672,"Loligo forbesii","EVHOE","Celtic Seas"
"527",2001,3340.4944696341,77416.0527364326,7.67426994061715,7.98992335548028,"Loligo forbesii","EVHOE","Celtic Seas"
"528",2002,55.2471567955324,4179.83172610535,0.126921807102096,0.431390311827018,"Loligo forbesii","EVHOE","Celtic Seas"
"529",2003,72.6730142357951,7511.45891057404,0.166955022291922,0.775239486668919,"Loligo forbesii","EVHOE","Celtic Seas"
"530",2004,279.743984844333,10387.8664399663,0.642668584987801,1.07210654313349,"Loligo forbesii","EVHOE","Celtic Seas"
"531",2005,37.1811017688499,1260.89868822704,0.0854178368674163,0.130134300598596,"Loligo forbesii","EVHOE","Celtic Seas"
"532",2006,16.8537390025102,674.74460792153,0.0387188614708701,0.0696387572248241,"Loligo forbesii","EVHOE","Celtic Seas"
"533",2007,19.2820732886361,748.877554278416,0.0442975843177988,0.0772898391202552,"Loligo forbesii","EVHOE","Celtic Seas"
"534",2008,455.756251221896,8085.9197295536,1.04702957325466,0.834528196854127,"Loligo forbesii","EVHOE","Celtic Seas"
"535",2009,12.1349826755143,1344.2145934819,0.0278782478531718,0.138733133447194,"Loligo forbesii","EVHOE","Celtic Seas"
"536",2010,1608.30304639564,11200.9408901169,3.69482776773133,1.1560219884368,"Loligo forbesii","EVHOE","Celtic Seas"
"537",2011,184.198749283716,3686.16182683341,0.42316816793956,0.380439836845823,"Loligo forbesii","EVHOE","Celtic Seas"
"538",2012,516.112595806013,31643.9091794158,1.18568894993615,3.26589124702719,"Loligo forbesii","EVHOE","Celtic Seas"
"539",2013,641.041713460942,9505.026178614,1.47269429631293,0.980990737379967,"Loligo forbesii","EVHOE","Celtic Seas"
"540",2014,138.733861698183,3703.07836948461,0.318719612995714,0.382185752252839,"Loligo forbesii","EVHOE","Celtic Seas"
"541",2015,0,0,0,0,"Loligo forbesii","EVHOE","Celtic Seas"
"542",2016,139.650207243566,3022.68586330491,0.320824775311675,0.311964089124041,"Loligo forbesii","EVHOE","Celtic Seas"
"543",2018,90.5277291974667,1883.93946120242,0.207973471379088,0.194436830209095,"Loligo forbesii","EVHOE","Celtic Seas"
"544",2019,272.51400662741,7598.15150153888,0.626058827059502,0.784186819073676,"Loligo forbesii","EVHOE","Celtic Seas"
"545",2020,39.5649477232095,796.349776809796,0.0908943546455185,0.082189332263252,"Loligo forbesii","EVHOE","Celtic Seas"
"546",2021,2654.19433629959,51203.2650723026,6.09760141702954,5.28456500967412,"Loligo forbesii","EVHOE","Celtic Seas"
"547",2022,25.644245331833,1108.31177253737,0.0589136916372306,0.114386174488882,"Loligo forbesii","EVHOE","Celtic Seas"
"548",2023,91.3944982977176,1060.23447587057,0.209964739471874,0.109424233109434,"Loligo forbesii","EVHOE","Celtic Seas"
"549",2024,77.4050499231951,1116.72814900154,0.1778261431885,0.115254808325181,"Loligo forbesii","EVHOE","Celtic Seas"
"550",2025,90.2731217499466,2181.39779959853,0.20738855010503,0.225136785079243,"Loligo forbesii","EVHOE","Celtic Seas"
"551",2011,189.277994227994,0,1.60575822576147,0,"Loligo forbesii","SCOWCGFS Q1","Celtic Seas"
"552",2012,142.249711069505,0,1.20678922340496,0,"Loligo forbesii","SCOWCGFS Q1","Celtic Seas"
"553",2013,103.243044899119,0,0.875872386938587,0,"Loligo forbesii","SCOWCGFS Q1","Celtic Seas"
"554",2014,45.8333333333333,2835.02745098039,0.388831529593536,0.320855430143237,"Loligo forbesii","SCOWCGFS Q1","Celtic Seas"
"555",2015,80.5523648648649,12199.7195945946,0.683373801660698,1.38070842199319,"Loligo forbesii","SCOWCGFS Q1","Celtic Seas"
"556",2016,31.6732681945705,4968.46491733874,0.268703243330643,0.562308117211712,"Loligo forbesii","SCOWCGFS Q1","Celtic Seas"
"557",2017,226.182101367193,13530.2144349903,1.91883779871896,1.53128773796098,"Loligo forbesii","SCOWCGFS Q1","Celtic Seas"
"558",2018,176.696874275822,18172.9464239464,1.49902507416141,2.05673089331425,"Loligo forbesii","SCOWCGFS Q1","Celtic Seas"
"559",2019,75.1463929939792,9673.53004926108,0.637511714864419,1.09480585236868,"Loligo forbesii","SCOWCGFS Q1","Celtic Seas"
"560",2020,56.0582828282828,6275.77121212121,0.475575880549271,0.71026305972782,"Loligo forbesii","SCOWCGFS Q1","Celtic Seas"
"561",2021,55.4644797672848,7024.85633113964,0.470538294676867,0.795041084714294,"Loligo forbesii","SCOWCGFS Q1","Celtic Seas"
"562",2023,53.0842592592593,9193.30740740741,0.450345463093475,1.04045645188467,"Loligo forbesii","SCOWCGFS Q1","Celtic Seas"
"563",2024,90.1690169995124,10933.5495998669,0.764957602949802,1.23740909762428,"Loligo forbesii","SCOWCGFS Q1","Celtic Seas"
"564",2025,406.005804331658,27105.6165256839,3.44438962739198,3.0676896079572,"Loligo forbesii","SCOWCGFS Q1","Celtic Seas"
"565",2026,36.4810035842294,10624.605734767,0.309490132903924,1.20244424509968,"Loligo forbesii","SCOWCGFS Q1","Celtic Seas"
"566",2011,117.927083333333,0,0.573914117520091,0,"Loligo forbesii","SCOWCGFS Q4","Celtic Seas"
"567",2012,170.775,0,0.831108348049764,0,"Loligo forbesii","SCOWCGFS Q4","Celtic Seas"
"568",2013,16.6140350877193,2954.24561403509,0.0808552964789647,0.216289866694175,"Loligo forbesii","SCOWCGFS Q4","Celtic Seas"
"569",2014,216.531313131313,13030.898989899,1.05378996900958,0.954034218428067,"Loligo forbesii","SCOWCGFS Q4","Celtic Seas"
"570",2015,923.690855960908,8073.56333638736,4.49531360800084,0.591091657876439,"Loligo forbesii","SCOWCGFS Q4","Celtic Seas"
"571",2016,107.991112278304,11306.7900656089,0.525558863590561,0.827806633413019,"Loligo forbesii","SCOWCGFS Q4","Celtic Seas"
"572",2017,145.122314958592,21113.2471532091,0.706264777926471,1.54576904186766,"Loligo forbesii","SCOWCGFS Q4","Celtic Seas"
"573",2018,271.931036076644,45218.1039208234,1.32340304012367,3.31056348962124,"Loligo forbesii","SCOWCGFS Q4","Celtic Seas"
"574",2019,162.206481481481,8278.71759259259,0.789408056606873,0.606111663835174,"Loligo forbesii","SCOWCGFS Q4","Celtic Seas"
"575",2020,73.0858201058201,11453.1798649881,0.355685757365015,0.838524303617116,"Loligo forbesii","SCOWCGFS Q4","Celtic Seas"
"576",2021,409.135442607756,22430.3221228139,1.99113384180554,1.64219635591653,"Loligo forbesii","SCOWCGFS Q4","Celtic Seas"
"577",2022,82.375,12952.9537037037,0.400893281631382,0.948327592181243,"Loligo forbesii","SCOWCGFS Q4","Celtic Seas"
"578",2023,125.147058823529,9647.30392156863,0.609051473120247,0.70631029093896,"Loligo forbesii","SCOWCGFS Q4","Celtic Seas"
"579",2024,139.964502543141,8521.37557855672,0.681163323052183,0.62387743902567,"Loligo forbesii","SCOWCGFS Q4","Celtic Seas"
"580",2025,119.682308084185,29900.2982854141,0.582456245718811,2.18909744658471,"Loligo forbesii","SCOWCGFS Q4","Celtic Seas"
"581",2011,24.7774891774892,0,1.27756290161147,0,"Loligo forbesii","SCOROC","Celtic Seas"
"582",2012,15.5034090909091,0,0.79937802257406,0,"Loligo forbesii","SCOROC","Celtic Seas"
"583",2013,15.23194874441,2795.07000343997,0.78538113751999,0.952032097221719,"Loligo forbesii","SCOROC","Celtic Seas"
"584",2014,27.8854580902968,1723.7130450195,1.43781423918332,0.587115937432223,"Loligo forbesii","SCOROC","Celtic Seas"
"585",2015,70.3855250800222,20883.2029386209,3.62917868749897,7.11305243371125,"Loligo forbesii","SCOROC","Celtic Seas"
"586",2016,25.348066379311,1368.57037693777,1.30698268100603,0.466150373531981,"Loligo forbesii","SCOROC","Celtic Seas"
"587",2017,12.9162179487179,3358.21357142857,0.665978734253751,1.14384509346485,"Loligo forbesii","SCOROC","Celtic Seas"
"588",2018,1.05555555555556,187.796296296296,0.0544259593337987,0.0639655184283022,"Loligo forbesii","SCOROC","Celtic Seas"
"589",2019,57.0813131313131,2731.79444444444,2.94319442577285,0.930479734290111,"Loligo forbesii","SCOROC","Celtic Seas"
"590",2020,2.73086419753086,1015.55767195767,0.140807277247208,0.345910298881082,"Loligo forbesii","SCOROC","Celtic Seas"
"591",2021,0.504278416347382,29.4763729246488,0.0260013188662437,0.0100399822184795,"Loligo forbesii","SCOROC","Celtic Seas"
"592",2022,1.67999639249639,911.320093795094,0.0866230250579405,0.310405814190074,"Loligo forbesii","SCOROC","Celtic Seas"
"593",2023,0.537037037037037,249.212962962963,0.0276904003628099,0.0848847218468472,"Loligo forbesii","SCOROC","Celtic Seas"
"594",2024,17.5132275132275,2466.73533635676,0.903007144836459,0.840197638224587,"Loligo forbesii","SCOROC","Celtic Seas"
"595",2025,17.7647119802292,6317.82064487237,0.915974044875096,2.1519203565585,"Loligo forbesii","SCOROC","Celtic Seas"
"596",2003,0.843227513227513,1.82010582010582,0.0120612441649341,0.0077391847296205,"Alloteuthis spp.","IE-IGFS","Celtic Seas"
"597",2004,393.057673822849,1896.52431603899,5.62216543045753,8.06412015384332,"Alloteuthis spp.","IE-IGFS","Celtic Seas"
"598",2005,56.9576628844058,233.901201150228,0.814703349139257,0.99456008776264,"Alloteuthis spp.","IE-IGFS","Celtic Seas"
"599",2006,10.4635664515714,71.1701306254797,0.149667352913286,0.302619101624424,"Alloteuthis spp.","IE-IGFS","Celtic Seas"
"600",2007,161.313451041999,442.884314981958,2.30737362050558,1.88316717063051,"Alloteuthis spp.","IE-IGFS","Celtic Seas"
"601",2008,121.098258127479,448.466739423958,1.73214895898404,1.90690393006424,"Alloteuthis spp.","IE-IGFS","Celtic Seas"
"602",2009,26.4685027438893,132.671530011883,0.378596605621123,0.564126254518354,"Alloteuthis spp.","IE-IGFS","Celtic Seas"
"603",2010,211.455937360355,497.562843876554,3.02459496472823,2.11566312289035,"Alloteuthis spp.","IE-IGFS","Celtic Seas"
"604",2011,20.4829179016789,88.4996153018672,0.292980803101228,0.376304972906289,"Alloteuthis spp.","IE-IGFS","Celtic Seas"
"605",2012,29.5976820794042,76.1582250017317,0.423355339663198,0.323828738668687,"Alloteuthis spp.","IE-IGFS","Celtic Seas"
"606",2013,6.99585565157868,36.7270934941958,0.100066378092146,0.156165514111207,"Alloteuthis spp.","IE-IGFS","Celtic Seas"
"607",2014,85.2171888949454,206.243723388846,1.21891815220446,0.876959052050189,"Alloteuthis spp.","IE-IGFS","Celtic Seas"
"608",2015,13.6077357050985,46.039979523589,0.194640497726266,0.195764390479387,"Alloteuthis spp.","IE-IGFS","Celtic Seas"
"609",2016,74.614329799696,182.71114883448,1.06725840392999,0.776897319579483,"Alloteuthis spp.","IE-IGFS","Celtic Seas"
"610",2017,121.29409477546,359.405448147653,1.73495014086045,1.52821068166521,"Alloteuthis spp.","IE-IGFS","Celtic Seas"
"611",2018,10.3478395395729,26.2849147598178,0.148012033891822,0.111764826353191,"Alloteuthis spp.","IE-IGFS","Celtic Seas"
"612",2019,41.4423816765697,141.654440106086,0.592777958897829,0.602322056026516,"Alloteuthis spp.","IE-IGFS","Celtic Seas"
"613",2020,14.2162598509904,55.7422272185436,0.203344623467808,0.237018852925654,"Alloteuthis spp.","IE-IGFS","Celtic Seas"
"614",2021,24.1690031659938,73.149925826433,0.345705333181489,0.311037293917278,"Alloteuthis spp.","IE-IGFS","Celtic Seas"
"615",2022,37.9098139002493,94.6349961491708,0.542249291591545,0.402392931770734,"Alloteuthis spp.","IE-IGFS","Celtic Seas"
"616",2023,48.0773863595679,151.895655740856,0.6876828454934,0.645868238219784,"Alloteuthis spp.","IE-IGFS","Celtic Seas"
"617",2024,92.5764336703244,132.30986938705,1.32418232671606,0.562588454707985,"Alloteuthis spp.","IE-IGFS","Celtic Seas"
"618",2025,5.77225086267088,12.6944989382142,0.0825643446683178,0.0539776705549455,"Alloteuthis spp.","IE-IGFS","Celtic Seas"
"619",2008,2.00126366120219,14.850956284153,0.151458311735025,0.164438381401604,"Alloteuthis spp.","NIGFS Q1","Celtic Seas"
"620",2009,0,0,0,0,"Alloteuthis spp.","NIGFS Q1","Celtic Seas"
"621",2010,0,0,0,0,"Alloteuthis spp.","NIGFS Q1","Celtic Seas"
"622",2011,31.3434166017332,209.2068799726,2.3721117084864,2.31645963145706,"Alloteuthis spp.","NIGFS Q1","Celtic Seas"
"623",2012,29.3569544416439,210.450832036619,2.22177359416122,2.33023338851584,"Alloteuthis spp.","NIGFS Q1","Celtic Seas"
"624",2013,20.1914511736298,134.616669474394,1.52811604264132,1.49055365960943,"Alloteuthis spp.","NIGFS Q1","Celtic Seas"
"625",2014,9.7095,56.253125,0.734827952108932,0.622867150558693,"Alloteuthis spp.","NIGFS Q1","Celtic Seas"
"626",2015,11.0620095645096,92.8828754578755,0.837187685719963,1.02845294323017,"Alloteuthis spp.","NIGFS Q1","Celtic Seas"
"627",2016,8.71473608263082,60.4649122807018,0.659542887766561,0.669502496457966,"Alloteuthis spp.","NIGFS Q1","Celtic Seas"
"628",2017,29.3347669216181,174.545573056887,2.22009441295695,1.93266958471334,"Alloteuthis spp.","NIGFS Q1","Celtic Seas"
"629",2018,9.02242465137202,63.3783754257439,0.682829170361486,0.701762046259157,"Alloteuthis spp.","NIGFS Q1","Celtic Seas"
"630",2019,19.0454318407036,128.215307196829,1.44138376605741,1.41967407235947,"Alloteuthis spp.","NIGFS Q1","Celtic Seas"
"631",2020,11.0069489334195,87.9724089635854,0.833020623483419,0.9740814167912,"Alloteuthis spp.","NIGFS Q1","Celtic Seas"
"632",2021,6.58546978113279,45.2348582457755,0.498397164935894,0.50086652539699,"Alloteuthis spp.","NIGFS Q1","Celtic Seas"
"633",2022,39.1100477463713,297.016819455055,2.95990074590335,3.28874209214111,"Alloteuthis spp.","NIGFS Q1","Celtic Seas"
"634",2023,17.2415196078431,112.811764705882,1.30486127449172,1.2491171367253,"Alloteuthis spp.","NIGFS Q1","Celtic Seas"
"635",2024,17.7417582417582,109.252747252747,1.34272000366682,1.20970963607849,"Alloteuthis spp.","NIGFS Q1","Celtic Seas"
"636",2025,16.0115384615385,99.4230769230769,1.21177465552353,1.10086983830418,"Alloteuthis spp.","NIGFS Q1","Celtic Seas"
"637",2011,251.653844432942,642.37971589602,1.65066179751363,1.77728965402057,"Alloteuthis spp.","NIGFS Q4","Celtic Seas"
"638",2012,269.807230615786,561.11002425564,1.76973449093921,1.5524385596232,"Alloteuthis spp.","NIGFS Q4","Celtic Seas"
"639",2013,23.6361344537815,62.4735294117647,0.155035438745896,0.172847234627894,"Alloteuthis spp.","NIGFS Q4","Celtic Seas"
"640",2014,267.912264705882,768.532352941176,1.75730492586693,2.12631962974923,"Alloteuthis spp.","NIGFS Q4","Celtic Seas"
"641",2015,99.6395282186949,199.700396825397,0.653561097480897,0.552516588551546,"Alloteuthis spp.","NIGFS Q4","Celtic Seas"
"642",2016,280.134837962963,637.622685185185,1.83747590353761,1.7641282461227,"Alloteuthis spp.","NIGFS Q4","Celtic Seas"
"643",2017,192.218438986135,432.9801569807,1.26080980295401,1.19793812655592,"Alloteuthis spp.","NIGFS Q4","Celtic Seas"
"644",2018,55.4239638447972,129.424272486772,0.363539925215652,0.358081699620654,"Alloteuthis spp.","NIGFS Q4","Celtic Seas"
"645",2019,136.708968253968,314.37619047619,0.896709016239408,0.869793265536695,"Alloteuthis spp.","NIGFS Q4","Celtic Seas"
"646",2020,154.870177332471,299.473109243697,1.01583302203432,0.828560500192302,"Alloteuthis spp.","NIGFS Q4","Celtic Seas"
"647",2021,215.265642857143,514.182738095238,1.41198229568944,1.42260354441291,"Alloteuthis spp.","NIGFS Q4","Celtic Seas"
"648",2022,269.509986263736,576.28543956044,1.76778478936576,1.59442479914676,"Alloteuthis spp.","NIGFS Q4","Celtic Seas"
"649",2023,344.668125,851.6875,2.26076620462579,2.35638726558679,"Alloteuthis spp.","NIGFS Q4","Celtic Seas"
"650",2024,192.075,513.5,1.25986895003273,1.42071459411911,"Alloteuthis spp.","NIGFS Q4","Celtic Seas"
"651",2025,143.146181318681,363.590659340659,0.938932339758746,1.00595629213372,"Alloteuthis spp.","NIGFS Q4","Celtic Seas"
"652",2011,9.56558017146252,0,0.643281151791086,0,"Alloteuthis spp.","SCOWCGFS Q1","Celtic Seas"
"653",2012,16.626455026455,0,1.11812194847617,0,"Alloteuthis spp.","SCOWCGFS Q1","Celtic Seas"
"654",2013,43.3706387546967,0,2.91665679989495,0,"Alloteuthis spp.","SCOWCGFS Q1","Celtic Seas"
"655",2014,24.878431372549,86.6,1.67306380807239,1.83037765230723,"Alloteuthis spp.","SCOWCGFS Q1","Celtic Seas"
"656",2015,8.47297297297297,46.8783783783784,0.569803787689696,0.990821433720393,"Alloteuthis spp.","SCOWCGFS Q1","Celtic Seas"
"657",2016,2.63144841269841,10.4631283068783,0.176963773807423,0.221148686214009,"Alloteuthis spp.","SCOWCGFS Q1","Celtic Seas"
"658",2017,13.8801247771836,57.7825311942959,0.9334324205769,1.22129161422384,"Alloteuthis spp.","SCOWCGFS Q1","Celtic Seas"
"659",2018,7.15035073858603,30.8977471330412,0.48085801136771,0.653054802066494,"Alloteuthis spp.","SCOWCGFS Q1","Celtic Seas"
"660",2019,11.3047619047619,61.4587301587302,0.760240375227273,1.29899175775658,"Alloteuthis spp.","SCOWCGFS Q1","Celtic Seas"
"661",2020,2.44040404040404,10.8080808080808,0.164116121950469,0.22843960248778,"Alloteuthis spp.","SCOWCGFS Q1","Celtic Seas"
"662",2021,29.9557759218493,131.764929319434,2.0145130449371,2.78498362568284,"Alloteuthis spp.","SCOWCGFS Q1","Celtic Seas"
"663",2023,30.0097222222222,174.714814814815,2.01814091043158,3.69277243145534,"Alloteuthis spp.","SCOWCGFS Q1","Celtic Seas"
"664",2024,8.49450549450549,41.9120879120879,0.571251840500307,0.885853915425191,"Alloteuthis spp.","SCOWCGFS Q1","Celtic Seas"
"665",2025,2.89868957989023,13.6923348840056,0.194935627344338,0.289401198378644,"Alloteuthis spp.","SCOWCGFS Q1","Celtic Seas"
"666",2026,11.3698924731183,42.7168458781362,0.764620377932607,0.902863280281669,"Alloteuthis spp.","SCOWCGFS Q1","Celtic Seas"
"667",2012,23.75,0,0.6034753185954,0,"Alloteuthis spp.","SCOWCGFS Q4","Celtic Seas"
"668",2013,0,0,0,0,"Alloteuthis spp.","SCOWCGFS Q4","Celtic Seas"
"669",2014,196.379797979798,577.89898989899,4.98990994322353,5.61394245987892,"Alloteuthis spp.","SCOWCGFS Q4","Celtic Seas"
"670",2015,0.888888888888889,1.33333333333333,0.0225862107544477,0.0129525345155565,"Alloteuthis spp.","SCOWCGFS Q4","Celtic Seas"
"671",2016,90.06431877875,198.055675997272,2.28848814606669,1.9239922345174,"Alloteuthis spp.","SCOWCGFS Q4","Celtic Seas"
"672",2017,46.1711956521739,141.059782608696,1.17318640025795,1.37031127724702,"Alloteuthis spp.","SCOWCGFS Q4","Celtic Seas"
"673",2018,25.8571428571429,69.8448979591837,0.657016737839203,0.678501338663886,"Alloteuthis spp.","SCOWCGFS Q4","Celtic Seas"
"674",2019,66.75,153.305555555556,1.69608326384181,1.48927162481992,"Alloteuthis spp.","SCOWCGFS Q4","Celtic Seas"
"675",2020,25.5428571428571,61.1371428571429,0.649030899036737,0.593910714779738,"Alloteuthis spp.","SCOWCGFS Q4","Celtic Seas"
"676",2021,4.02564102564103,13.3846153846154,0.102289473705239,0.130023519560009,"Alloteuthis spp.","SCOWCGFS Q4","Celtic Seas"
"677",2022,27.5493827160494,89.75,0.700015684702085,0.871867479578396,"Alloteuthis spp.","SCOWCGFS Q4","Celtic Seas"
"678",2023,13.6323529411765,49.3529411764706,0.346391096184481,0.479434255524348,"Alloteuthis spp.","SCOWCGFS Q4","Celtic Seas"
"679",2024,19.6226187605498,68.8623703882325,0.498600678239952,0.668956671957462,"Alloteuthis spp.","SCOWCGFS Q4","Celtic Seas"
"680",2025,50.0964912280702,120.114035087719,1.27292614755248,1.16683588895734,"Alloteuthis spp.","SCOWCGFS Q4","Celtic Seas"
"681",2000,8.45734406542249,1275.61294442385,0.132506974414401,0.197350905392566,"Loligo vulgaris","EVHOE","Bay of Biscay"
"682",2001,37.5313939393939,3365.29696969697,0.588029932091411,0.520647275325769,"Loligo vulgaris","EVHOE","Bay of Biscay"
"683",2002,10.3931415196779,1036.4616769956,0.162836432664918,0.160351657808057,"Loligo vulgaris","EVHOE","Bay of Biscay"
"684",2003,83.6828324681745,7025.28242800643,1.31111597861084,1.0868859977207,"Loligo vulgaris","EVHOE","Bay of Biscay"
"685",2004,9.62410003789314,1648.37059492232,0.15078733555332,0.255020483095939,"Loligo vulgaris","EVHOE","Bay of Biscay"
"686",2005,38.8788889364251,3874.61210461767,0.609142054728722,0.599443749950864,"Loligo vulgaris","EVHOE","Bay of Biscay"
"687",2006,27.8613235317825,3784.13373958182,0.43652234742005,0.585445783454587,"Loligo vulgaris","EVHOE","Bay of Biscay"
"688",2007,50.1736923989618,5114.75998516871,0.78610543966951,0.79130783232576,"Loligo vulgaris","EVHOE","Bay of Biscay"
"689",2008,21.7329885057471,2765.76183908046,0.340505545192768,0.427892806692449,"Loligo vulgaris","EVHOE","Bay of Biscay"
"690",2009,21.6241548387097,2402.21075268817,0.338800373944915,0.371647582488978,"Loligo vulgaris","EVHOE","Bay of Biscay"
"691",2010,178.870742337165,20698.476532567,2.80248984728654,3.2022747196203,"Loligo vulgaris","EVHOE","Bay of Biscay"
"692",2011,383.4976,22223.5870967742,6.00851831001459,3.43822556347599,"Loligo vulgaris","EVHOE","Bay of Biscay"
"693",2012,258.65108298109,37377.7816833519,4.05246282635662,5.78274082982666,"Loligo vulgaris","EVHOE","Bay of Biscay"
"694",2013,23.3962988505747,2893.02620689655,0.366565762159271,0.447581959520905,"Loligo vulgaris","EVHOE","Bay of Biscay"
"695",2014,24.1706250738509,2916.0995214463,0.378697658918154,0.451151646969363,"Loligo vulgaris","EVHOE","Bay of Biscay"
"696",2015,48.2792961876833,3539.67691104594,0.756424642913834,0.547625709072431,"Loligo vulgaris","EVHOE","Bay of Biscay"
"697",2016,128.723178016726,13006.6964157706,2.01679377403344,2.01227443249093,"Loligo vulgaris","EVHOE","Bay of Biscay"
"698",2017,25.7042269187987,4130.16529477197,0.402725644401351,0.638980549630872,"Loligo vulgaris","EVHOE","Bay of Biscay"
"699",2018,29.2995228096965,2507.99202455939,0.45905559585445,0.388013071620003,"Loligo vulgaris","EVHOE","Bay of Biscay"
"700",2019,37.2794845536781,3810.24335779712,0.584083096031581,0.589485219411056,"Loligo vulgaris","EVHOE","Bay of Biscay"
"701",2020,16.910394265233,2419.82058940661,0.264946673909349,0.37437201174112,"Loligo vulgaris","EVHOE","Bay of Biscay"
"702",2021,74.5091548119949,4295.07221832632,1.16738571754186,0.664493406654797,"Loligo vulgaris","EVHOE","Bay of Biscay"
"703",2022,45.3138290431194,4042.67321385902,0.709962647751781,0.625444593086742,"Loligo vulgaris","EVHOE","Bay of Biscay"
"704",2023,7.27150647333329,1261.14903794047,0.113927648533948,0.195113185046057,"Loligo vulgaris","EVHOE","Bay of Biscay"
"705",2024,37.3227050240028,5717.19803151846,0.584760260601355,0.884511412933632,"Loligo vulgaris","EVHOE","Bay of Biscay"
"706",2025,30.3074500768049,4923.49831029186,0.474847479401006,0.761717614643473,"Loligo vulgaris","EVHOE","Bay of Biscay"
"707",2007,38.1793969999578,1120.53818433721,2.41828489158662,4.09017876118672,"Loligo vulgaris","SP-NORTH","Bay of Biscay"
"708",2008,144.449979799816,1603.09719638252,9.14946885463577,5.8516114813527,"Loligo vulgaris","SP-NORTH","Bay of Biscay"
"709",2009,173.119153790603,1397.36305203921,10.9653757511293,5.10064249215966,"Loligo vulgaris","SP-NORTH","Bay of Biscay"
"710",2010,0.166617654376275,40.9772433696572,0.0105535704571288,0.149574778321086,"Loligo vulgaris","SP-NORTH","Bay of Biscay"
"711",2011,4.86078853046595,251.419068100358,0.307882585585003,0.917727701630892,"Loligo vulgaris","SP-NORTH","Bay of Biscay"
"712",2012,8.02378692374243,772.623627899312,0.508227060029734,2.82022406500498,"Loligo vulgaris","SP-NORTH","Bay of Biscay"
"713",2013,5.05,311.25,0.319867249410092,1.13612205029173,"Loligo vulgaris","SP-NORTH","Bay of Biscay"
"714",2014,0.155555555555556,7.13333333333333,0.00985289657148798,0.0260380314605012,"Loligo vulgaris","SP-NORTH","Bay of Biscay"
"715",2015,13.1911290322581,385.316129032258,0.835526764388514,1.40647759205334,"Loligo vulgaris","SP-NORTH","Bay of Biscay"
"716",2016,7.09813620071685,261.506320191159,0.449596297517128,0.954548101718313,"Loligo vulgaris","SP-NORTH","Bay of Biscay"
"717",2017,1.79027777777778,117.044444444444,0.113396282862929,0.427234615895514,"Loligo vulgaris","SP-NORTH","Bay of Biscay"
"718",2018,1.40442006269592,55.852385928248,0.0889560361328504,0.203871894665015,"Loligo vulgaris","SP-NORTH","Bay of Biscay"
"719",2019,1.08463601532567,124.93754789272,0.0687008987788801,0.456045953639513,"Loligo vulgaris","SP-NORTH","Bay of Biscay"
"720",2020,3.47253570184605,179.425774991292,0.219950582856998,0.654938407576833,"Loligo vulgaris","SP-NORTH","Bay of Biscay"
"721",2021,8.43637293023069,494.429993318463,0.534360278057554,1.80476407304321,"Loligo vulgaris","SP-NORTH","Bay of Biscay"
"722",2022,0,0,0,0,"Loligo vulgaris","SP-NORTH","Bay of Biscay"
"723",2023,0,0,0,0,"Loligo vulgaris","SP-NORTH","Bay of Biscay"
"724",2024,0,0,0,0,"Loligo vulgaris","SP-NORTH","Bay of Biscay"
"725",2025,0,0,0,0,"Loligo vulgaris","SP-NORTH","Bay of Biscay"
"726",2000,9.22027110369546,1532.12105425782,0.282934564234038,0.838090197793951,"Loligo forbesii","EVHOE","Bay of Biscay"
"727",2001,66.269178648715,2205.31625461672,2.03354554028318,1.20633675184711,"Loligo forbesii","EVHOE","Bay of Biscay"
"728",2002,76.2925576494038,7898.05679630491,2.34112438886778,4.320340069871,"Loligo forbesii","EVHOE","Bay of Biscay"
"729",2003,36.7004571889418,4256.54063484997,1.12619550392411,2.32838323882148,"Loligo forbesii","EVHOE","Bay of Biscay"
"730",2004,28.8136047930369,2851.92767100426,0.884178417797523,1.56004162937624,"Loligo forbesii","EVHOE","Bay of Biscay"
"731",2005,11.5606626715887,1471.61168595957,0.354752156249688,0.804990784203536,"Loligo forbesii","EVHOE","Bay of Biscay"
"732",2006,15.1393875226274,1236.19755051529,0.464569421366363,0.676216181968492,"Loligo forbesii","EVHOE","Bay of Biscay"
"733",2007,14.670986107315,860.944287091477,0.450195988216996,0.470947753020467,"Loligo forbesii","EVHOE","Bay of Biscay"
"734",2008,131.808816894963,3934.32423412257,4.04470429892601,2.1521266654472,"Loligo forbesii","EVHOE","Bay of Biscay"
"735",2009,14.857099137931,4412.75215517241,0.455907079422819,2.41383297766614,"Loligo forbesii","EVHOE","Bay of Biscay"
"736",2010,30.4959195402299,2549.18055555556,0.935802169913745,1.39443500895755,"Loligo forbesii","EVHOE","Bay of Biscay"
"737",2011,32.6876091763335,1110.64236326077,1.00305667307892,0.607535857115716,"Loligo forbesii","EVHOE","Bay of Biscay"
"738",2012,31.5607164441973,952.462905079718,0.968476680742501,0.521009630597595,"Loligo forbesii","EVHOE","Bay of Biscay"
"739",2013,92.8612617617459,1642.90677684199,2.84955402452885,0.898691432856474,"Loligo forbesii","EVHOE","Bay of Biscay"
"740",2014,23.0001708756575,2681.51032929344,0.705786549096627,1.4668211209673,"Loligo forbesii","EVHOE","Bay of Biscay"
"741",2015,0,0,0,0,"Loligo forbesii","EVHOE","Bay of Biscay"
"742",2016,19.4837121858627,812.187105049471,0.597879992352832,0.44427693857803,"Loligo forbesii","EVHOE","Bay of Biscay"
"743",2017,27.1487208008899,392.43049684835,0.833089548335805,0.214664599647665,"Loligo forbesii","EVHOE","Bay of Biscay"
"744",2018,59.6868279569892,555.946898263027,1.83155858093525,0.304110203716181,"Loligo forbesii","EVHOE","Bay of Biscay"
"745",2019,36.9763448987719,428.898738611335,1.1346614338388,0.234613203491597,"Loligo forbesii","EVHOE","Bay of Biscay"
"746",2020,22.7634714946543,1004.47346853333,0.698523157872504,0.549460087101062,"Loligo forbesii","EVHOE","Bay of Biscay"
"747",2021,27.313903550453,869.808508428725,0.838158369929118,0.475796597694442,"Loligo forbesii","EVHOE","Bay of Biscay"
"748",2022,7.26492860379846,975.974007745231,0.222932643258534,0.533870510375034,"Loligo forbesii","EVHOE","Bay of Biscay"
"749",2023,2.65375592149786,708.611023385217,0.0814335356073813,0.387619471123041,"Loligo forbesii","EVHOE","Bay of Biscay"
"750",2024,8.13419084108739,434.794301526485,0.249606949203169,0.237838153293008,"Loligo forbesii","EVHOE","Bay of Biscay"
"751",2025,19.9234005281757,1751.23966311775,0.611372332017469,0.957950934469693,"Loligo forbesii","EVHOE","Bay of Biscay"
"752",2001,0.0125,8.375,0.000255296623879267,0.010108246876399,"Loligo forbesii","SP-NORTH","Bay of Biscay"
"753",2002,0,0,0,0,"Loligo forbesii","SP-NORTH","Bay of Biscay"
"754",2003,0,0,0,0,"Loligo forbesii","SP-NORTH","Bay of Biscay"
"755",2004,0,0,0,0,"Loligo forbesii","SP-NORTH","Bay of Biscay"
"756",2005,0,0,0,0,"Loligo forbesii","SP-NORTH","Bay of Biscay"
"757",2006,0,0,0,0,"Loligo forbesii","SP-NORTH","Bay of Biscay"
"758",2007,0.05625,86,0.0011488348074567,0.103798117178545,"Loligo forbesii","SP-NORTH","Bay of Biscay"
"759",2008,0.03125,0.90625,0.000638241559698168,0.00109380283364019,"Loligo forbesii","SP-NORTH","Bay of Biscay"
"760",2009,11.7659965034965,703.75265984016,0.240305534713434,0.849397686637227,"Loligo forbesii","SP-NORTH","Bay of Biscay"
"761",2010,4.26379658655521,2043.85384883316,0.0870826298764391,2.46683931740702,"Loligo forbesii","SP-NORTH","Bay of Biscay"
"762",2011,1231.91999940076,15172.5421712116,25.160401338909,18.3125733742306,"Loligo forbesii","SP-NORTH","Bay of Biscay"
"763",2012,4.00108927615045,1305.10550488197,0.0817171667232602,1.57520342007096,"Loligo forbesii","SP-NORTH","Bay of Biscay"
"764",2013,6.91140872012674,683.695667323963,0.141156744999847,0.82518980222507,"Loligo forbesii","SP-NORTH","Bay of Biscay"
"765",2014,0.479139784946237,232.81146953405,0.00978582155704099,0.280992932502379,"Loligo forbesii","SP-NORTH","Bay of Biscay"
"766",2015,1.15183761999495,410.238737053177,0.0235248204513473,0.495139633718882,"Loligo forbesii","SP-NORTH","Bay of Biscay"
"767",2016,5.77770444526841,71.1206369216825,0.118002275091941,0.0858393977326691,"Loligo forbesii","SP-NORTH","Bay of Biscay"
"768",2017,3.53774641577061,299.149910394265,0.0722539772869772,0.361060435500641,"Loligo forbesii","SP-NORTH","Bay of Biscay"
"769",2018,0.0606060606060606,23.9030303030303,0.00123780181274796,0.0288498783757703,"Loligo forbesii","SP-NORTH","Bay of Biscay"
"770",2019,1.38727272727273,160.882828282828,0.0283332834938009,0.194178310024613,"Loligo forbesii","SP-NORTH","Bay of Biscay"
"771",2020,1.02862170087977,40.1248289345064,0.0210082917986843,0.0484288569245692,"Loligo forbesii","SP-NORTH","Bay of Biscay"
"772",2021,0.643758037939072,299.354020979021,0.0131479402944789,0.361306787761035,"Loligo forbesii","SP-NORTH","Bay of Biscay"
"773",2022,0,0,0,0,"Loligo forbesii","SP-NORTH","Bay of Biscay"
"774",2023,0,0,0,0,"Loligo forbesii","SP-NORTH","Bay of Biscay"
"775",2024,0,0,0,0,"Loligo forbesii","SP-NORTH","Bay of Biscay"
"776",2025,0,0,0,0,"Loligo forbesii","SP-NORTH","Bay of Biscay"
"777",2015,204.630083632019,397.636512653416,2.52207796661829,2.8206277554823,"Loligo spp.","EVHOE","Bay of Biscay"
"778",2016,789.23764920066,1262.19444956477,9.72740102600993,8.95335459387551,"Loligo spp.","EVHOE","Bay of Biscay"
"779",2017,1115.33694498517,2004.00036962366,13.7465942659777,14.2153421144302,"Loligo spp.","EVHOE","Bay of Biscay"
"780",2018,0,0,0,0,"Loligo spp.","EVHOE","Bay of Biscay"
"781",2019,0,0,0,0,"Loligo spp.","EVHOE","Bay of Biscay"
"782",2020,0,0,0,0,"Loligo spp.","EVHOE","Bay of Biscay"
"783",2021,0,0,0,0,"Loligo spp.","EVHOE","Bay of Biscay"
"784",2022,0,0,0,0,"Loligo spp.","EVHOE","Bay of Biscay"
"785",2023,0,0,0,0,"Loligo spp.","EVHOE","Bay of Biscay"
"786",2024,0.318598168060534,1.50497809637595,0.00392674139407278,0.0106755362119647,"Loligo spp.","EVHOE","Bay of Biscay"
"787",2025,0,0,0,0,"Loligo spp.","EVHOE","Bay of Biscay"
"788",2010,1.64635816290989,30.0744320047768,0.273069242995277,0.512419511697155,"Loligo spp.","SP-NORTH","Bay of Biscay"
"789",2011,17.1182795698925,243.870967741935,2.83928233165866,4.15516549697719,"Loligo spp.","SP-NORTH","Bay of Biscay"
"790",2012,35.8226318484383,424.169912954429,5.94163480421663,7.22716690503782,"Loligo spp.","SP-NORTH","Bay of Biscay"
"791",2013,13.2087121212121,133.130681818182,2.19083131553031,2.26833075212681,"Loligo spp.","SP-NORTH","Bay of Biscay"
"792",2014,57.3410906298003,414.295504352278,9.51074229384446,7.0589230082484,"Loligo spp.","SP-NORTH","Bay of Biscay"
"793",2015,7.28629954583792,52.6125933530689,1.20852457626967,0.896433202489691,"Loligo spp.","SP-NORTH","Bay of Biscay"
"794",2016,1.85857305442261,37.8978857681374,0.308267756346272,0.645718466655632,"Loligo spp.","SP-NORTH","Bay of Biscay"
"795",2017,0.09375,1.02083333333333,0.0155496186112745,0.0173933432261584,"Loligo spp.","SP-NORTH","Bay of Biscay"
"796",2018,13.4955665666678,79.7746312962776,2.23840973925067,1.359230246083,"Loligo spp.","SP-NORTH","Bay of Biscay"
"797",2019,4.38620689655172,51.9687356321839,0.727507673509558,0.88546291188251,"Loligo spp.","SP-NORTH","Bay of Biscay"
"798",2020,3.33212121212121,46.1090909090909,0.552674282826906,0.785624075782489,"Loligo spp.","SP-NORTH","Bay of Biscay"
"799",2021,1.16666666666667,11.0416666666667,0.193506364940304,0.188132079793142,"Loligo spp.","SP-NORTH","Bay of Biscay"
"800",2022,0,0,0,0,"Loligo spp.","SP-NORTH","Bay of Biscay"
"801",2023,0,0,0,0,"Loligo spp.","SP-NORTH","Bay of Biscay"
"802",2024,0,0,0,0,"Loligo spp.","SP-NORTH","Bay of Biscay"
"803",2025,0,0,0,0,"Loligo spp.","SP-NORTH","Bay of Biscay"
"804",2018,206.217986893173,382.497986256919,15.6290419231432,17.3227356318044,"Alloteuthis spp.","EVHOE","Bay of Biscay"
"805",2019,0,0,0,0,"Alloteuthis spp.","EVHOE","Bay of Biscay"
"806",2020,0,0,0,0,"Alloteuthis spp.","EVHOE","Bay of Biscay"
"807",2021,0,0,0,0,"Alloteuthis spp.","EVHOE","Bay of Biscay"
"808",2022,136.84,191.6,10.3709580768568,8.67726436819558,"Alloteuthis spp.","EVHOE","Bay of Biscay"
"809",2023,0,0,0,0,"Alloteuthis spp.","EVHOE","Bay of Biscay"
"810",2024,0,0,0,0,"Alloteuthis spp.","EVHOE","Bay of Biscay"
"811",2025,0,0,0,0,"Alloteuthis spp.","EVHOE","Bay of Biscay"
"812",2016,586.807431162491,683.631616883251,26,26,"Alloteuthis spp.","SP-NORTH","Bay of Biscay"
"813",2017,0,0,0,0,"Alloteuthis spp.","SP-NORTH","Bay of Biscay"
"814",2018,0,0,0,0,"Alloteuthis spp.","SP-NORTH","Bay of Biscay"
"815",2019,0,0,0,0,"Alloteuthis spp.","SP-NORTH","Bay of Biscay"
"816",2020,0,0,0,0,"Alloteuthis spp.","SP-NORTH","Bay of Biscay"
"817",2021,0,0,0,0,"Alloteuthis spp.","SP-NORTH","Bay of Biscay"
"818",2022,0,0,0,0,"Alloteuthis spp.","SP-NORTH","Bay of Biscay"
"819",2023,0,0,0,0,"Alloteuthis spp.","SP-NORTH","Bay of Biscay"
"820",2024,0,0,0,0,"Alloteuthis spp.","SP-NORTH","Bay of Biscay"
"821",2025,0,0,0,0,"Alloteuthis spp.","SP-NORTH","Bay of Biscay"
"822",2002,4.00505050505051,619.414983164983,0.109609330538489,0.316039645231165,"Loligo vulgaris","PT-IBTS","Western Iberia & Gulf of Cadiz"
"823",2003,7.69657477025898,1205.75664160401,0.210638144748408,0.615204526213655,"Loligo vulgaris","PT-IBTS","Western Iberia & Gulf of Cadiz"
"824",2004,27.1888888888889,3655.38641975309,0.74409945778172,1.86506148330267,"Loligo vulgaris","PT-IBTS","Western Iberia & Gulf of Cadiz"
"825",2005,11.3161904761905,889.455317460317,0.309698981517744,0.453820379905565,"Loligo vulgaris","PT-IBTS","Western Iberia & Gulf of Cadiz"
"826",2006,1.64954212454212,138.496886446886,0.0451443016107033,0.0706642687825272,"Loligo vulgaris","PT-IBTS","Western Iberia & Gulf of Cadiz"
"827",2007,1.16333333333333,160.286666666667,0.03183784766234,0.0817819113928775,"Loligo vulgaris","PT-IBTS","Western Iberia & Gulf of Cadiz"
"828",2008,21.8238095238095,429.997619047619,0.597269160198544,0.219394587905632,"Loligo vulgaris","PT-IBTS","Western Iberia & Gulf of Cadiz"
"829",2009,15.3149289891395,591.07096908939,0.419135566861701,0.30157788309053,"Loligo vulgaris","PT-IBTS","Western Iberia & Gulf of Cadiz"
"830",2010,6.32239926739927,866.388021978022,0.173030015532334,0.442050919884729,"Loligo vulgaris","PT-IBTS","Western Iberia & Gulf of Cadiz"
"831",2011,10.531746031746,1357.0619047619,0.28823048061076,0.692403920787054,"Loligo vulgaris","PT-IBTS","Western Iberia & Gulf of Cadiz"
"832",2013,11.2160379303236,643.520057720058,0.306958028940406,0.328338603793211,"Loligo vulgaris","PT-IBTS","Western Iberia & Gulf of Cadiz"
"833",2014,8.85787878787879,811.765728715729,0.242420454550107,0.414181380636387,"Loligo vulgaris","PT-IBTS","Western Iberia & Gulf of Cadiz"
"834",2015,48.0677222222222,4141.69166666667,1.31550671998864,2.11318550659206,"Loligo vulgaris","PT-IBTS","Western Iberia & Gulf of Cadiz"
"835",2016,11.4199952774498,2109.62794044339,0.312539888207527,1.07638026846034,"Loligo vulgaris","PT-IBTS","Western Iberia & Gulf of Cadiz"
"836",2017,99.9282294372294,3988.52092712843,2.73481353523485,2.03503430344209,"Loligo vulgaris","PT-IBTS","Western Iberia & Gulf of Cadiz"
"837",2018,49.6547008547009,4379.42307692308,1.35893879787768,2.23448149167437,"Loligo vulgaris","PT-IBTS","Western Iberia & Gulf of Cadiz"
"838",2021,314.029173563546,6038.19174542374,8.59428050668771,3.08082308133832,"Loligo vulgaris","PT-IBTS","Western Iberia & Gulf of Cadiz"
"839",2022,28.2653195488722,3330.54260651629,0.773558972427812,1.69931876431592,"Loligo vulgaris","PT-IBTS","Western Iberia & Gulf of Cadiz"
"840",2023,15.7955760649945,1882.03482644302,0.432289809022521,0.960257073250881,"Loligo vulgaris","PT-IBTS","Western Iberia & Gulf of Cadiz"
"841",2001,0.525,30.625,0.606848614222959,1.00535923536482,"Loligo vulgaris","SP-NORTH","Western Iberia & Gulf of Cadiz"
"842",2002,0,0,0,0,"Loligo vulgaris","SP-NORTH","Western Iberia & Gulf of Cadiz"
"843",2003,0,0,0,0,"Loligo vulgaris","SP-NORTH","Western Iberia & Gulf of Cadiz"
"844",2004,0,0,0,0,"Loligo vulgaris","SP-NORTH","Western Iberia & Gulf of Cadiz"
"845",2005,0,0,0,0,"Loligo vulgaris","SP-NORTH","Western Iberia & Gulf of Cadiz"
"846",2006,0,0,0,0,"Loligo vulgaris","SP-NORTH","Western Iberia & Gulf of Cadiz"
"847",2007,0,0,0,0,"Loligo vulgaris","SP-NORTH","Western Iberia & Gulf of Cadiz"
"848",2008,2.86805555555556,62.4895833333333,3.31519150362543,2.05141158263726,"Loligo vulgaris","SP-NORTH","Western Iberia & Gulf of Cadiz"
"849",2009,0.652777777777778,52.7777777777778,0.754547218742833,1.73259187954027,"Loligo vulgaris","SP-NORTH","Western Iberia & Gulf of Cadiz"
"850",2010,0,0,0,0,"Loligo vulgaris","SP-NORTH","Western Iberia & Gulf of Cadiz"
"851",2011,0.527777777777778,12.6666666666667,0.610059453451652,0.415822051089665,"Loligo vulgaris","SP-NORTH","Western Iberia & Gulf of Cadiz"
"852",2012,0.571428571428571,43.0714285714286,0.660515498473969,1.41395129778422,"Loligo vulgaris","SP-NORTH","Western Iberia & Gulf of Cadiz"
"853",2013,0,0,0,0,"Loligo vulgaris","SP-NORTH","Western Iberia & Gulf of Cadiz"
"854",2014,0,0,0,0,"Loligo vulgaris","SP-NORTH","Western Iberia & Gulf of Cadiz"
"855",2015,0,0,0,0,"Loligo vulgaris","SP-NORTH","Western Iberia & Gulf of Cadiz"
"856",2016,0,0,0,0,"Loligo vulgaris","SP-NORTH","Western Iberia & Gulf of Cadiz"
"857",2017,0.0625,9.125,0.0722438826455904,0.299556017067884,"Loligo vulgaris","SP-NORTH","Western Iberia & Gulf of Cadiz"
"858",2018,0,0,0,0,"Loligo vulgaris","SP-NORTH","Western Iberia & Gulf of Cadiz"
"859",2019,0.25,42.5,0.288975530582362,1.39519240826138,"Loligo vulgaris","SP-NORTH","Western Iberia & Gulf of Cadiz"
"860",2020,2.32142857142857,85.3214285714286,2.6833442125505,2.80093669187935,"Loligo vulgaris","SP-NORTH","Western Iberia & Gulf of Cadiz"
"861",2021,14.7142857142857,453.428571428571,17.0082740857047,14.8851788363752,"Loligo vulgaris","SP-NORTH","Western Iberia & Gulf of Cadiz"
"862",2022,0,0,0,0,"Loligo vulgaris","SP-NORTH","Western Iberia & Gulf of Cadiz"
"863",2023,0,0,0,0,"Loligo vulgaris","SP-NORTH","Western Iberia & Gulf of Cadiz"
"864",2024,0,0,0,0,"Loligo vulgaris","SP-NORTH","Western Iberia & Gulf of Cadiz"
"865",2025,0,0,0,0,"Loligo vulgaris","SP-NORTH","Western Iberia & Gulf of Cadiz"
"866",2000,1.83799533799534,387.354312354312,0.123788249501189,0.505436758609717,"Loligo vulgaris","SP-ARSA Q1","Western Iberia & Gulf of Cadiz"
"867",2001,33.2009920634921,1201.51170634921,2.23607351133171,1.56778474621263,"Loligo vulgaris","SP-ARSA Q1","Western Iberia & Gulf of Cadiz"
"868",2004,3.26666666666667,219.533333333333,0.220008690996786,0.286456644131256,"Loligo vulgaris","SP-ARSA Q1","Western Iberia & Gulf of Cadiz"
"869",2005,8.02777777777778,401.481481481481,0.540667616480197,0.523870503489356,"Loligo vulgaris","SP-ARSA Q1","Western Iberia & Gulf of Cadiz"
"870",2007,6.425,519.958333333333,0.432721175404393,0.67846425412123,"Loligo vulgaris","SP-ARSA Q1","Western Iberia & Gulf of Cadiz"
"871",2008,2.1025641025641,489.949786324786,0.141606849778151,0.639307796462606,"Loligo vulgaris","SP-ARSA Q1","Western Iberia & Gulf of Cadiz"
"872",2009,3.32266343825666,924.56397094431,0.223780051124611,1.20641129244477,"Loligo vulgaris","SP-ARSA Q1","Western Iberia & Gulf of Cadiz"
"873",2010,6.42708333333333,349.139136904762,0.432861487069569,0.455571935131891,"Loligo vulgaris","SP-ARSA Q1","Western Iberia & Gulf of Cadiz"
"874",2011,21.007215007215,795.880140692641,1.41482751282411,1.0384990323422,"Loligo vulgaris","SP-ARSA Q1","Western Iberia & Gulf of Cadiz"
"875",2012,28.4871794871795,527.830769230769,1.91860012321373,0.688736550970538,"Loligo vulgaris","SP-ARSA Q1","Western Iberia & Gulf of Cadiz"
"876",2013,6.40502354788069,284.183961276818,0.431375769359027,0.370815596097559,"Loligo vulgaris","SP-ARSA Q1","Western Iberia & Gulf of Cadiz"
"877",2014,4.09967948717949,732.922756410256,0.276111770657367,0.956349498369473,"Loligo vulgaris","SP-ARSA Q1","Western Iberia & Gulf of Cadiz"
"878",2015,31.4722360972361,1226.63694638695,2.11964248974328,1.60056925248747,"Loligo vulgaris","SP-ARSA Q1","Western Iberia & Gulf of Cadiz"
"879",2016,40.4334196955399,1644.82627145948,2.72317461420594,2.14624087716919,"Loligo vulgaris","SP-ARSA Q1","Western Iberia & Gulf of Cadiz"
"880",2017,13.1622023809524,563.798214285714,0.886469056061667,0.735668438041969,"Loligo vulgaris","SP-ARSA Q1","Western Iberia & Gulf of Cadiz"
"881",2018,30.7928571428571,1179.09523809524,2.07388658940338,1.53853476320637,"Loligo vulgaris","SP-ARSA Q1","Western Iberia & Gulf of Cadiz"
"882",2019,1.96209150326797,910.221650326797,0.132146076505072,1.18769680854036,"Loligo vulgaris","SP-ARSA Q1","Western Iberia & Gulf of Cadiz"
"883",2020,10.1041666666667,1101.97916666667,0.68051157610613,1.4379103582716,"Loligo vulgaris","SP-ARSA Q1","Western Iberia & Gulf of Cadiz"
"884",2022,4.17333333333333,1085.93333333333,0.281072327681608,1.41697305686426,"Loligo vulgaris","SP-ARSA Q1","Western Iberia & Gulf of Cadiz"
"885",2023,12.5905221992179,371.390844260409,0.847966624902825,0.484606930950094,"Loligo vulgaris","SP-ARSA Q1","Western Iberia & Gulf of Cadiz"
"886",2024,42.5051948051948,1175.69264069264,2.86270783764927,1.53409490608546,"Loligo vulgaris","SP-ARSA Q1","Western Iberia & Gulf of Cadiz"
"887",2002,5.82032786885246,1448.78442622951,0.0481790343866149,0.117652674512626,"Loligo vulgaris","SP-ARSA Q4","Western Iberia & Gulf of Cadiz"
"888",2003,6.2,923.366666666667,0.0513218533264357,0.0749846256781421,"Loligo vulgaris","SP-ARSA Q4","Western Iberia & Gulf of Cadiz"
"889",2004,82.8958333333333,861.517857142857,0.68618835479129,0.0699620165693212,"Loligo vulgaris","SP-ARSA Q4","Western Iberia & Gulf of Cadiz"
"890",2006,103.861416361416,4183.53113553114,0.859735544641368,0.33973558666906,"Loligo vulgaris","SP-ARSA Q4","Western Iberia & Gulf of Cadiz"
"891",2007,111.689393939394,2541.14285714286,0.924533337721948,0.206360758749729,"Loligo vulgaris","SP-ARSA Q4","Western Iberia & Gulf of Cadiz"
"892",2008,124.269166666667,1989.51807692308,1.02866515236533,0.161564494001632,"Loligo vulgaris","SP-ARSA Q4","Western Iberia & Gulf of Cadiz"
"893",2009,21.9272579453067,726.032852919438,0.181507663890315,0.0589595700944345,"Loligo vulgaris","SP-ARSA Q4","Western Iberia & Gulf of Cadiz"
"894",2010,44.9135243841126,898.091126194067,0.37178150174431,0.0729320532715677,"Loligo vulgaris","SP-ARSA Q4","Western Iberia & Gulf of Cadiz"
"895",2011,15.7311207311207,348.44696969697,0.130217785616618,0.0282966307260498,"Loligo vulgaris","SP-ARSA Q4","Western Iberia & Gulf of Cadiz"
"896",2012,83.7924814179531,2634.20575022462,0.693610555030691,0.213918196606407,"Loligo vulgaris","SP-ARSA Q4","Western Iberia & Gulf of Cadiz"
"897",2013,6.24737041542849,415.305873436908,0.0517139722800863,0.0337260988357103,"Loligo vulgaris","SP-ARSA Q4","Western Iberia & Gulf of Cadiz"
"898",2014,38.2893772893773,3807.7347985348,0.316948678259029,0.309217972509766,"Loligo vulgaris","SP-ARSA Q4","Western Iberia & Gulf of Cadiz"
"899",2015,412.325,88182.8535714286,3.41311018916494,7.16114031942961,"Loligo vulgaris","SP-ARSA Q4","Western Iberia & Gulf of Cadiz"
"900",2016,196.868728308728,27106.1105309505,1.62962387077782,2.20122907305188,"Loligo vulgaris","SP-ARSA Q4","Western Iberia & Gulf of Cadiz"
"901",2017,80.4305555555556,1814.33829365079,0.665781479868704,0.147338519695596,"Loligo vulgaris","SP-ARSA Q4","Western Iberia & Gulf of Cadiz"
"902",2018,129.968571428571,9766.96307692308,1.07584321933928,0.793154113933047,"Loligo vulgaris","SP-ARSA Q4","Western Iberia & Gulf of Cadiz"
"903",2019,69.3076789336424,4282.63242538395,0.573709440746467,0.347783389770574,"Loligo vulgaris","SP-ARSA Q4","Western Iberia & Gulf of Cadiz"
"904",2020,40.6763538290977,3927.90324705782,0.336707397592122,0.318976594361853,"Loligo vulgaris","SP-ARSA Q4","Western Iberia & Gulf of Cadiz"
"905",2022,172.616597626511,2670.41036162114,1.4288715653381,0.216858295411566,"Loligo vulgaris","SP-ARSA Q4","Western Iberia & Gulf of Cadiz"
"906",2023,173.816448438169,12419.4846633213,1.43880359233317,1.00855970029375,"Loligo vulgaris","SP-ARSA Q4","Western Iberia & Gulf of Cadiz"
"907",2024,509.442968960864,96605.5672874494,4.21702537599894,7.84513082719825,"Loligo vulgaris","SP-ARSA Q4","Western Iberia & Gulf of Cadiz"
"908",2025,226.647050754192,3355.81442429132,1.87612043478643,0.27251848862943,"Loligo vulgaris","SP-ARSA Q4","Western Iberia & Gulf of Cadiz"
"909",2003,0.343859649122807,31.068671679198,1.10708762143954,1.08703371977527,"Loligo forbesii","PT-IBTS","Western Iberia & Gulf of Cadiz"
"910",2004,1.04320987654321,305.626543209877,3.35870970563336,10.6932913501394,"Loligo forbesii","PT-IBTS","Western Iberia & Gulf of Cadiz"
"911",2005,0.0142857142857143,1.8,0.0459941650306513,0.0629785758399696,"Loligo forbesii","PT-IBTS","Western Iberia & Gulf of Cadiz"
"912",2006,0,0,0,0,"Loligo forbesii","PT-IBTS","Western Iberia & Gulf of Cadiz"
"913",2007,0,0,0,0,"Loligo forbesii","PT-IBTS","Western Iberia & Gulf of Cadiz"
"914",2008,0,0,0,0,"Loligo forbesii","PT-IBTS","Western Iberia & Gulf of Cadiz"
"915",2009,0.919298245614035,24.140350877193,2.95976486548121,0.844624954734876,"Loligo forbesii","PT-IBTS","Western Iberia & Gulf of Cadiz"
"916",2010,1.69404761904762,117.268452380952,5.45414140321807,4.1030000677276,"Loligo forbesii","PT-IBTS","Western Iberia & Gulf of Cadiz"
"917",2011,0.389823129251701,9.52585034013605,1.25507125376973,0.333291382270255,"Loligo forbesii","PT-IBTS","Western Iberia & Gulf of Cadiz"
"918",2013,1.02902494331066,14.4777777777778,3.31304001443009,0.506549903206669,"Loligo forbesii","PT-IBTS","Western Iberia & Gulf of Cadiz"
"919",2014,0,0,0,0,"Loligo forbesii","PT-IBTS","Western Iberia & Gulf of Cadiz"
"920",2015,0.221666666666667,26.3341666666667,0.713676127392273,0.921382395888371,"Loligo forbesii","PT-IBTS","Western Iberia & Gulf of Cadiz"
"921",2016,0,0,0,0,"Loligo forbesii","PT-IBTS","Western Iberia & Gulf of Cadiz"
"922",2017,0,0,0,0,"Loligo forbesii","PT-IBTS","Western Iberia & Gulf of Cadiz"
"923",2018,0.246153846153846,12.8,0.792514843605069,0.447847650417562,"Loligo forbesii","PT-IBTS","Western Iberia & Gulf of Cadiz"
"924",2021,0,0,0,0,"Loligo forbesii","PT-IBTS","Western Iberia & Gulf of Cadiz"
"925",2022,0,0,0,0,"Loligo forbesii","PT-IBTS","Western Iberia & Gulf of Cadiz"
"926",2023,0,0,0,0,"Loligo forbesii","PT-IBTS","Western Iberia & Gulf of Cadiz"
"927",2001,0.025,1.375,0.642227014310919,0.801619433198381,"Loligo forbesii","SP-NORTH","Western Iberia & Gulf of Cadiz"
"928",2002,0,0,0,0,"Loligo forbesii","SP-NORTH","Western Iberia & Gulf of Cadiz"
"929",2003,0,0,0,0,"Loligo forbesii","SP-NORTH","Western Iberia & Gulf of Cadiz"
"930",2004,0,0,0,0,"Loligo forbesii","SP-NORTH","Western Iberia & Gulf of Cadiz"
"931",2005,0,0,0,0,"Loligo forbesii","SP-NORTH","Western Iberia & Gulf of Cadiz"
"932",2006,0,0,0,0,"Loligo forbesii","SP-NORTH","Western Iberia & Gulf of Cadiz"
"933",2007,0,0,0,0,"Loligo forbesii","SP-NORTH","Western Iberia & Gulf of Cadiz"
"934",2008,0,0,0,0,"Loligo forbesii","SP-NORTH","Western Iberia & Gulf of Cadiz"
"935",2009,0,0,0,0,"Loligo forbesii","SP-NORTH","Western Iberia & Gulf of Cadiz"
"936",2010,0,0,0,0,"Loligo forbesii","SP-NORTH","Western Iberia & Gulf of Cadiz"
"937",2011,0.388888888888889,8.22222222222222,9.99019800039208,4.79352226720648,"Loligo forbesii","SP-NORTH","Western Iberia & Gulf of Cadiz"
"938",2012,0.25,31.75,6.42227014310919,18.5101214574899,"Loligo forbesii","SP-NORTH","Western Iberia & Gulf of Cadiz"
"939",2013,0,0,0,0,"Loligo forbesii","SP-NORTH","Western Iberia & Gulf of Cadiz"
"940",2014,0,0,0,0,"Loligo forbesii","SP-NORTH","Western Iberia & Gulf of Cadiz"
"941",2015,0,0,0,0,"Loligo forbesii","SP-NORTH","Western Iberia & Gulf of Cadiz"
"942",2016,0,0,0,0,"Loligo forbesii","SP-NORTH","Western Iberia & Gulf of Cadiz"
"943",2017,0,0,0,0,"Loligo forbesii","SP-NORTH","Western Iberia & Gulf of Cadiz"
"944",2018,0,0,0,0,"Loligo forbesii","SP-NORTH","Western Iberia & Gulf of Cadiz"
"945",2019,0.348214285714286,3.25,8.94530484218781,1.89473684210526,"Loligo forbesii","SP-NORTH","Western Iberia & Gulf of Cadiz"
"946",2020,0,0,0,0,"Loligo forbesii","SP-NORTH","Western Iberia & Gulf of Cadiz"
"947",2021,0,0,0,0,"Loligo forbesii","SP-NORTH","Western Iberia & Gulf of Cadiz"
"948",2022,0,0,0,0,"Loligo forbesii","SP-NORTH","Western Iberia & Gulf of Cadiz"
"949",2023,0,0,0,0,"Loligo forbesii","SP-NORTH","Western Iberia & Gulf of Cadiz"
"950",2024,0,0,0,0,"Loligo forbesii","SP-NORTH","Western Iberia & Gulf of Cadiz"
"951",2025,0,0,0,0,"Loligo forbesii","SP-NORTH","Western Iberia & Gulf of Cadiz"
"952",2018,10.3166666666667,148.533333333333,17.6324429993417,10.8276774879136,"Loligo forbesii","SP-ARSA Q1","Western Iberia & Gulf of Cadiz"
"953",2019,1.6578431372549,82.2807189542484,2.83345634437773,5.99804143835451,"Loligo forbesii","SP-ARSA Q1","Western Iberia & Gulf of Cadiz"
"954",2020,0.3125,57.2625,0.534100656280545,4.17428107373193,"Loligo forbesii","SP-ARSA Q1","Western Iberia & Gulf of Cadiz"
"955",2022,0,0,0,0,"Loligo forbesii","SP-ARSA Q1","Western Iberia & Gulf of Cadiz"
"956",2023,0,0,0,0,"Loligo forbesii","SP-ARSA Q1","Western Iberia & Gulf of Cadiz"
"957",2024,0,0,0,0,"Loligo forbesii","SP-ARSA Q1","Western Iberia & Gulf of Cadiz"
"958",2018,58.7032967032967,2655.01098901099,21.2085844599924,19.8541322793848,"Loligo forbesii","SP-ARSA Q4","Western Iberia & Gulf of Cadiz"
"959",2019,2.04705882352941,204.647058823529,0.739570388573392,1.53034763068266,"Loligo forbesii","SP-ARSA Q4","Western Iberia & Gulf of Cadiz"
"960",2020,0.143502331002331,82.3109557109557,0.0518451514341921,0.61552008993253,"Loligo forbesii","SP-ARSA Q4","Western Iberia & Gulf of Cadiz"
"961",2022,0,0,0,0,"Loligo forbesii","SP-ARSA Q4","Western Iberia & Gulf of Cadiz"
"962",2023,0,0,0,0,"Loligo forbesii","SP-ARSA Q4","Western Iberia & Gulf of Cadiz"
"963",2024,0,0,0,0,"Loligo forbesii","SP-ARSA Q4","Western Iberia & Gulf of Cadiz"
"964",2025,0,0,0,0,"Loligo forbesii","SP-ARSA Q4","Western Iberia & Gulf of Cadiz"
"965",2002,276.513804713805,978.36632996633,0.290724675701088,0.357006151572216,"Alloteuthis spp.","PT-IBTS","Western Iberia & Gulf of Cadiz"
"966",2003,267.870175438597,1099.96850459482,0.281636824479641,0.401378819618166,"Alloteuthis spp.","PT-IBTS","Western Iberia & Gulf of Cadiz"
"967",2004,1745.88328584995,7820.03152896486,1.83560944675446,2.85353172510058,"Alloteuthis spp.","PT-IBTS","Western Iberia & Gulf of Cadiz"
"968",2005,1107.35118023554,2713.00572452637,1.16426126751393,0.989976559127791,"Alloteuthis spp.","PT-IBTS","Western Iberia & Gulf of Cadiz"
"969",2006,835.098300237774,1931.72330987726,0.878016498186921,0.704886384208824,"Alloteuthis spp.","PT-IBTS","Western Iberia & Gulf of Cadiz"
"970",2007,1884.3285958042,5262.75155011655,1.98116987503197,1.92037953478273,"Alloteuthis spp.","PT-IBTS","Western Iberia & Gulf of Cadiz"
"971",2008,1803.41976911977,5554.33258091115,1.89610290188923,2.02677753570231,"Alloteuthis spp.","PT-IBTS","Western Iberia & Gulf of Cadiz"
"972",2009,2176.11817293233,5070.01904761905,2.28795539075454,1.8500513899028,"Alloteuthis spp.","PT-IBTS","Western Iberia & Gulf of Cadiz"
"973",2010,1040.81153076923,3243.90721611722,1.09430194655931,1.18370266413727,"Alloteuthis spp.","PT-IBTS","Western Iberia & Gulf of Cadiz"
"974",2011,1158.57511904762,3891.30464852608,1.21811775766164,1.41993817102555,"Alloteuthis spp.","PT-IBTS","Western Iberia & Gulf of Cadiz"
"975",2013,912.490408163265,2322.50890538033,0.959386017881424,0.847484158955643,"Alloteuthis spp.","PT-IBTS","Western Iberia & Gulf of Cadiz"
"976",2014,1193.521995671,3279.49826839827,1.2548606587389,1.19668984921927,"Alloteuthis spp.","PT-IBTS","Western Iberia & Gulf of Cadiz"
"977",2015,662.168137222222,1431.84511111111,0.696198937166168,0.522480687558884,"Alloteuthis spp.","PT-IBTS","Western Iberia & Gulf of Cadiz"
"978",2016,185.31327696502,600.260388897444,0.194837080212045,0.219035186328309,"Alloteuthis spp.","PT-IBTS","Western Iberia & Gulf of Cadiz"
"979",2017,304.635608842462,1053.79473489185,0.320291743406425,0.384529997944379,"Alloteuthis spp.","PT-IBTS","Western Iberia & Gulf of Cadiz"
"980",2018,368.684647804303,799.754229295609,0.38763245393775,0.291830545327797,"Alloteuthis spp.","PT-IBTS","Western Iberia & Gulf of Cadiz"
"981",2021,1411.31369474091,2958.12349024467,1.48384532425325,1.07942010142966,"Alloteuthis spp.","PT-IBTS","Western Iberia & Gulf of Cadiz"
"982",2022,737.166033834586,2057.82393483709,0.775051199871318,0.750900538057834,"Alloteuthis spp.","PT-IBTS","Western Iberia & Gulf of Cadiz"
"983",2023,0,0,0,0,"Alloteuthis spp.","PT-IBTS","Western Iberia & Gulf of Cadiz"
"984",2016,1499.25,1579.3125,26,26,"Alloteuthis spp.","SP-NORTH","Western Iberia & Gulf of Cadiz"
"985",2017,0,0,0,0,"Alloteuthis spp.","SP-NORTH","Western Iberia & Gulf of Cadiz"
"986",2018,0,0,0,0,"Alloteuthis spp.","SP-NORTH","Western Iberia & Gulf of Cadiz"
"987",2019,0,0,0,0,"Alloteuthis spp.","SP-NORTH","Western Iberia & Gulf of Cadiz"
"988",2020,0,0,0,0,"Alloteuthis spp.","SP-NORTH","Western Iberia & Gulf of Cadiz"
"989",2021,0,0,0,0,"Alloteuthis spp.","SP-NORTH","Western Iberia & Gulf of Cadiz"
"990",2022,0,0,0,0,"Alloteuthis spp.","SP-NORTH","Western Iberia & Gulf of Cadiz"
"991",2023,0,0,0,0,"Alloteuthis spp.","SP-NORTH","Western Iberia & Gulf of Cadiz"
"992",2024,0,0,0,0,"Alloteuthis spp.","SP-NORTH","Western Iberia & Gulf of Cadiz"
"993",2025,0,0,0,0,"Alloteuthis spp.","SP-NORTH","Western Iberia & Gulf of Cadiz"
